197.23885965,-0.00414665
197.43862182,-0.00240131
197.63840280,-0.00106755
197.83820260,0.00085297
198.03802121,0.00043636
198.23785862,0.00149340
198.43771483,-0.00108795
198.63758983,0.00189427
198.83748363,-0.00002244
199.03739621,0.00268114
199.23732758,0.00136906
199.43727773,0.00081045
199.63724665,0.00039408
199.83723433,-0.00060973
200.03724079,-0.00135917
200.23726600,-0.00062654
200.43730997,-0.00064722
200.63737270,-0.00025484
200.83745417,-0.00417072
201.03755438,0.00087320
201.23767334,-0.00148058
201.43781103,0.00013966
201.63796745,-0.00056785
201.83814259,0.00149822
202.03833646,0.00270596
202.23854905,0.00076553
202.43878034,-0.00394329
202.63903035,-0.00214730
202.83929906,-0.00348002
203.03958648,0.00026533
203.23989258,-0.00256735
203.44021738,0.00110215
203.64056087,-0.00037692
203.84092304,0.00291048
204.04130389,-0.00060883
204.24170341,0.00439304
204.44212161,-0.00023117
204.64255846,0.00022362
204.84301398,0.00211964
205.04348816,-0.00041830
205.24398099,-0.00385469
205.44449247,0.00228650
205.64502259,0.00153529
205.84557135,-0.00098044
206.04613875,-0.00000164
206.24672477,0.00032810
206.44732943,-0.00125586
206.64795270,0.00101929
206.84859460,-0.00048087
207.04925511,-0.00050591
207.24993422,0.00101451
207.45063194,0.00424757
207.65134827,-0.00064724
207.85208319,-0.00119299
208.05283670,-0.00235950
208.25360879,0.00276873
208.45439948,-0.00029316
208.65520874,0.00082785
208.85603657,0.00199389
209.05688298,-0.00168854
209.25774795,-0.00314657
209.45863148,-0.00104741
209.65953357,0.00303541
209.86045421,0.00062299
210.06139340,0.00258143
210.26235114,0.00016092
210.46332742,0.00263974
210.66432223,0.00268540
210.86533557,-0.00393872
211.06636744,0.00359813
211.26741783,0.00057719
211.46848674,-0.00112625
211.66957417,-0.00048077
211.87068010,0.00186892
212.07180454,0.00036930
212.27294748,0.00201910
212.47410892,-0.00437607
212.67528885,0.00186941
212.87648727,-0.00325454
213.07770417,-0.00170923
213.27893955,-0.00066864
213.48019340,-0.00317150
213.68146573,-0.00144283
213.88275652,0.00299831
214.08406577,-0.00120957
214.28539348,-0.00052597
214.48673965,-0.00273414
214.68810426,-0.00025101
214.88948732,-0.00008499
215.09088882,0.00263983
215.29230875,-0.00358834
215.49374712,0.00037349
215.69520391,-0.00214716
215.89667913,-0.00077738
216.09817277,-0.00198547
216.29968481,-0.00033499
216.50121527,-0.00195967
216.70276414,0.00134886
216.90433141,-0.00029626
217.10591707,0.00193498
217.30752112,-0.00231334
217.50914357,0.00253665
217.71078440,-0.00163015
217.91244360,0.00245624
218.11412119,-0.00081451
218.31581714,0.00191035
218.51753146,-0.00179672
218.71926414,0.00193555
218.92101519,0.00068540
219.12278458,-0.00038039
219.32457232,-0.00113064
219.52637841,-0.00056459
219.72820284,-0.00079378
219.93004561,-0.00115136
220.13190671,0.00003569
220.33378613,0.00264364
220.53568388,-0.00398047
220.73759995,-0.00023450
220.93953433,-0.00038071
221.14148702,0.00008180
221.34345802,-0.00370941
221.54544732,0.00159883
221.74745492,-0.00177565
221.94948081,0.00018565
222.15152499,0.00131035
222.35358745,0.00072333
222.55566819,-0.00031718
222.75776721,0.00210175
222.95988450,-0.00148057
223.16202006,-0.00050520
223.36417388,-0.00031724
223.56634596,0.00226835
223.76853629,0.00370544
223.97074487,0.00370141
224.17297170,-0.00202611
224.37521677,0.00220641
224.57748007,0.00118527
224.77976161,-0.00283849
224.98206137,0.00195207
225.18437936,0.00333094
225.38671557,0.00060235
225.58906999,0.00197284
225.79144263,-0.00250439
225.99383347,0.00108096
226.19624251,-0.00218875
226.39866975,0.00318158
226.60111518,-0.00046354
226.80357880,0.00120633
227.00606061,0.00168536
227.20856060,0.00272245
227.41107876,-0.00269237
227.61361510,0.00264345
227.81616960,-0.00064748
228.01874226,-0.00088072
228.22133309,-0.00119258
228.42394206,0.00185208
228.62656919,-0.00039772
228.82921447,0.00155652
229.03187788,-0.00154784
229.23455943,0.00103965
229.43725912,0.00089384
229.63997693,0.00324351
229.84271287,-0.00113014
230.04546692,0.00114381
230.24823909,-0.00270953
230.45102938,-0.00152591
230.65383777,-0.00287987
230.85666426,0.00214343
231.05950885,-0.00110608
231.26237153,0.00276414
231.46525230,0.00032709
231.66815116,0.00085237
231.87106810,-0.00018960
232.07400312,-0.00031826
232.27695620,-0.00133865
232.47992736,0.00079015
232.68291657,0.00064432
232.88592385,-0.00044433
233.08894918,0.00245143
233.29199256,0.00378923
233.49505399,-0.00356339
233.69813346,-0.00075575
233.90123097,-0.00271340
234.10434651,0.00212241
234.30748008,-0.00043922
234.51063167,0.00266050
234.71380128,-0.00127608
234.91698891,0.00403875
235.12019455,0.00364296
235.32341820,0.00207732
235.52665985,-0.00117129
235.72991950,0.00518398
235.93319714,-0.00131435
236.13649277,0.00034804
236.33980639,-0.00004731
236.54313798,0.00118593
236.74648756,-0.00106420
236.94985511,0.00391078
237.15324062,-0.00038024
237.35664410,0.00118567
237.56006554,-0.00216855
237.76350493,0.00224453
237.96696228,0.00359773
238.17043757,0.00133122
238.37393080,0.00222766
238.57744197,-0.00258875
238.78097107,0.00059829
238.98451810,0.00060200
239.18808306,-0.00162694
239.39166594,0.00091042
239.59526673,-0.00233854
239.79888544,0.00320595
240.00252205,-0.00252228
240.20617656,0.00014046
240.40984898,0.00043170
240.61353929,0.00214352
240.81724748,-0.00079297
241.02097357,0.00501451
241.22471753,0.00093173
241.42847938,0.00020688
241.63225909,-0.00018957
241.83605667,0.00136900
242.03987212,0.00086895
242.24370543,0.00010218
242.44755659,-0.00125227
242.65142561,-0.00144257
242.85531247,0.00034839
243.05921717,0.00089431
243.26313971,-0.00183430
243.46708008,0.00166013
243.67103829,-0.00267148
243.87501432,0.00124800
244.07900817,0.00147675
244.28301983,0.00278546
244.48704931,0.00086894
244.69109660,0.00162303
244.89516169,-0.00079368
245.09924457,0.00084871
245.30334526,0.00003592
245.50746373,0.00339296
245.71159999,-0.00266839
245.91575403,0.00051552
246.11992585,-0.00173454
246.32411544,0.00201865
246.52832280,-0.00064763
246.73254792,0.00153609
246.93679081,-0.00119290
247.14105145,0.00039407
247.34532984,0.00060265
247.54962598,-0.00096380
247.75393986,-0.00219307
247.95827148,-0.00043873
248.16262083,-0.00164869
248.36698792,-0.00071374
248.57137273,-0.00169199
248.77577526,0.00012293
248.98019550,0.00106058
249.18463346,0.00024507
249.38908913,-0.00119317
249.59356250,0.00058149
249.79805357,0.00185250
250.00256234,-0.00075620
250.20708879,-0.00144284
250.41163293,0.00133148
250.61619476,-0.00060565
250.82077426,0.00091129
251.02537144,0.00211858
251.22998628,0.00566390
251.43461879,-0.00335545
251.63926896,0.00434783
251.84393679,-0.00110955
252.04862226,-0.00154320
252.25332539,-0.00406355
252.45804616,0.00407659
252.66278456,-0.00123395
252.86754060,-0.00114776
253.07231427,-0.00239726
253.27710557,0.00505488
253.48191449,-0.00360959
253.68674103,0.00041535
253.89158517,-0.00027238
254.09644693,0.00193097
254.30132629,-0.00204677
254.50622325,0.00239365
254.71113781,0.00116407
254.91606995,0.00018257
255.12101969,-0.00140220
255.32598700,0.00022692
255.53097190,-0.00085572
255.73597436,0.00268148
255.94099440,0.00159854
256.14603200,0.00183130
256.35108717,0.00078969
256.55615988,0.00009848
256.76125016,-0.00156756
256.96635797,0.00143541
257.17148334,-0.00195941
257.37662624,0.00303514
257.58178668,-0.00279758
257.78696464,0.00162291
257.99216013,0.00045660
258.19737315,0.00078581
258.40260368,0.00043122
258.60785173,0.00310179
258.81311728,0.00008178
259.01840034,0.00013936
259.22370090,-0.00138043
259.42901895,-0.00123052
259.63435450,-0.00052261
259.83970753,0.00091141
260.04507804,-0.00204699
260.25046604,0.00318497
260.45587150,0.00201815
260.66129444,-0.00077616
260.86673484,-0.00296300
261.07219271,0.00008206
261.27766803,-0.00079371
261.48316080,0.00022404
261.68867102,-0.00256816
261.89419869,0.00124802
262.09974379,-0.00208485
262.30530633,0.00301484
262.51088630,0.00236840
262.71648370,0.00014388
262.92209852,0.00047688
263.12773075,0.00236818
263.33338040,-0.00061007
263.53904746,0.00039412
263.74473193,-0.00064803
263.95043379,0.00307708
264.15615305,-0.00021427
264.36188970,-0.00023078
264.56764374,0.00053987
264.77341517,0.00586848
264.97920397,-0.00202628
265.18501014,0.00120598
265.39083369,0.00185199
265.59667460,0.00282664
265.80253287,-0.00065051
266.00840850,0.00128988
266.21430149,0.00076876
266.42021182,0.00278441
266.62613949,-0.00190069
266.83208451,0.00026916
267.03804686,0.00126869
267.24402654,0.00634750
267.45002355,-0.00029697
267.65603788,0.00208096
267.86206953,0.00174778
268.06811849,-0.00069269
268.27418476,-0.00115122
268.48026834,0.00033123
268.68636922,-0.00079330
268.89248739,0.00316021
269.09862286,-0.00148411
269.30477562,0.00347716
269.51094565,0.00160203
269.71713297,0.00089067
269.92333756,0.00151423
270.12955942,0.00466408
270.33579855,0.00153940
270.54205494,0.00114058
270.74832859,-0.00106761
270.95461949,0.00018545
271.16092764,-0.00208499
271.36725303,-0.00040119
271.57359567,0.00103550
271.77995554,-0.00010537
271.98633264,0.00112318
272.19272697,0.00011942
272.39913852,-0.00085932
272.60556729,0.00314335
272.81201327,-0.00202188
273.01847647,0.00545256
273.22495686,-0.00012962
273.43145446,-0.00096034
273.63796926,0.00101918
273.84450125,0.00261781
274.05105043,-0.00198420
274.25761679,0.00530971
274.46420033,-0.00002239
274.67080105,0.00136789
274.87741893,-0.00210871
275.08405399,0.00237279
275.29070620,0.00051896
275.49737557,-0.00110987
275.70406210,-0.00192169
275.91076578,0.00189387
276.11748660,-0.00185548
276.32422456,0.00024448
276.53097965,0.00345190
276.73775188,0.00260213
276.94454124,-0.00281354
277.15134772,-0.00165198
277.35817132,-0.00027618
277.56501203,0.00255979
277.77186985,0.00070698
277.97874478,0.00166043
278.18563681,0.00157774
278.39254594,0.00276820
278.59947216,0.00112310
278.80641546,0.00109837
279.01337586,-0.00081798
279.22035333,0.00128965
279.42734788,0.00010185
279.63435950,0.00009939
279.84138818,-0.00215101
280.04843393,0.00156067
280.25549674,0.00076883
280.46257660,0.00280593
280.66967350,-0.00165062
280.87678746,0.00241423
281.08391846,0.00022687
281.29106649,0.00178475
281.49823155,-0.00125508
281.70541364,0.00106063
281.91261276,-0.00095957
282.11982889,-0.00125570
282.32706204,-0.00252574
282.53431220,0.00070666
282.74157937,0.00130993
282.94886354,0.00291047
283.15616470,-0.00127545
283.36348286,0.00085313
283.57081801,-0.00116717
283.77817014,0.00305420
283.98553925,0.00047056
284.19292534,-0.00245880
284.40032840,-0.00218781
284.60774842,-0.00073642
284.81518541,0.00138765
285.02263936,0.00110325
285.23011026,-0.00162567
285.43759811,-0.00021620
285.64510291,0.00153160
285.85262465,0.00164501
286.06016332,0.00179079
286.26771893,0.00226392
286.47529147,-0.00171638
286.68288093,0.00166525
286.89048731,-0.00179239
287.09811060,0.00155448
287.30575080,-0.00213261
287.51340792,0.00164448
287.72108193,0.00270680
287.92877284,0.00182500
288.13648065,-0.00082177
288.34420534,-0.00025076
288.55194692,-0.00156319
288.75970538,-0.00248666
288.96748071,-0.00113476
289.17527292,0.00297754
289.38308200,-0.00245891
289.59090793,-0.00015323
289.79875073,-0.00100736
290.00661038,0.00216532
290.21448688,-0.00302087
290.42238023,0.00315800
290.63029042,-0.00042538
290.83821745,0.00237372
291.04616130,-0.00200050
291.25412199,-0.00055045
291.46209950,-0.00286403
291.67009384,0.00116592
291.87810498,0.00004094
292.08613294,0.00178350
292.29417771,-0.00273620
292.50223927,-0.00158381
292.71031764,-0.00435399
292.91841280,-0.00040362
293.12652475,-0.00046576
293.33465348,0.00022831
293.54279900,0.00126942
293.75096129,0.00180334
293.95914035,0.00078262
294.16733618,0.00297734
294.37554878,-0.00364628
294.58377813,0.00186627
294.79202424,0.00055320
295.00028710,0.00133228
295.20856671,0.00006197
295.41686305,0.00230352
295.62517614,0.00190738
295.83350596,-0.00108396
296.04185250,0.00018652
296.25021577,-0.00038281
296.45859577,-0.00090413
296.66699247,0.00104036
296.87540589,-0.00043823
297.08383602,-0.00456945
297.29228285,-0.00002841
297.50074638,-0.00095909
297.70922660,0.00278991
297.91772351,-0.00057063
298.12623711,0.00153261
298.33476739,0.00137391
298.54331434,-0.00006358
298.75187797,0.00305302
298.96045826,0.00015800
299.16905522,-0.00054262
299.37766884,-0.00289622
299.58629912,0.00082520
299.79494604,-0.00390412
300.00360962,0.00287394
300.21228983,-0.00320892
300.42098668,0.00432431
300.62970017,0.00280394
300.83843028,0.00264477
301.04717702,-0.00081353
301.25594038,0.00182524
301.46472036,-0.00092430
301.67351695,-0.00083411
301.88233014,-0.00018825
302.09115994,0.00238659
302.30000634,-0.00223787
302.50886933,0.00195694
302.71774891,-0.00083395
302.92664508,0.00138792
303.13555783,-0.00144498
303.34448716,-0.00077170
303.55343306,-0.00216707
303.76239553,0.00472026
303.97137456,0.00038673
304.18037015,-0.00054236
304.38938230,-0.00089663
304.59841100,-0.00042418
304.80745625,0.00036676
305.01651804,0.00062418
305.22559636,-0.00227105
305.43469122,0.00470023
305.64380261,0.00065708
305.85293053,-0.00187504
306.06207497,-0.00325012
306.27123592,0.00419952
306.48041338,0.00049186
306.68960736,0.00108232
306.89881783,-0.00054298
307.10804481,0.00307516
307.31728828,0.00128377
307.52654824,0.00337352
307.73582469,-0.00287520
307.94511762,0.00503219
308.15442702,0.00030493
308.36375290,0.00058194
308.57309525,-0.00295838
308.78245407,-0.00142497
308.99182934,0.00138775
309.20122107,0.00233220
309.41062925,0.00041546
309.62005388,0.00159634
309.82949495,-0.00307012
310.03895246,0.00187406
310.24842641,-0.00045901
310.45791678,0.00284496
310.66742358,-0.00346526
310.87694680,0.00128980
311.08648644,-0.00070930
311.29604249,0.00082555
311.50561495,-0.00263297
311.71520381,-0.00023020
311.92480907,-0.00079262
312.13443073,0.00082478
312.34406878,0.00080386
312.55372321,0.00066616
312.76339403,-0.00208378
312.97308122,0.00344976
313.18278479,-0.00121727
313.39250473,0.00379009
313.60224103,-0.00091738
313.81199369,0.00026166
314.02176271,-0.00082091
314.23154808,0.00193640
314.44134980,0.00070744
314.65116786,0.00447098
314.86100226,-0.00519504
315.07085300,0.00074884
315.28072006,-0.00179249
315.49060346,0.00394911
315.70050317,0.00165728
315.91041920,-0.00085440
316.12035154,-0.00100062
316.33030019,0.00140824
316.54026515,0.00020129
316.75024641,0.00012389
316.96024396,-0.00133453
317.17025780,-0.00150766
317.38028793,-0.00042524
317.59033434,0.00141576
317.80039703,-0.00052160
318.01047600,0.00163688
318.22057123,0.00034513
318.43068273,0.00456086
318.64081049,0.00099888
318.85095451,0.00147057
319.06111477,0.00051244
319.27129129,0.00326917
319.48148405,-0.00187519
319.69169305,0.00344870
319.90191829,-0.00175807
320.11215975,0.00258199
320.32241744,-0.00137548
320.53269136,0.00151234
320.74298149,-0.00023733
320.95328783,-0.00010494
321.16361038,-0.00175082
321.37394914,-0.00069525
321.58430410,0.00246988
321.79467525,0.00104065
322.00506260,0.00051982
322.21546613,0.00263644
322.42588585,0.00013633
322.63632174,-0.00191742
322.84677381,-0.00135446
323.05724205,0.00194973
323.26772645,0.00009529
323.47822702,-0.00066754
323.68874374,0.00239408
323.89927661,0.00438728
324.10982564,-0.00180064
324.32039080,0.00139501
324.53097211,0.00122809
324.74156955,0.00296898
324.95218312,0.00217835
325.16281282,0.00116566
325.37345864,-0.00322910
325.58412058,0.00501190
325.79479864,0.00065750
326.00549280,0.00235286
326.21620307,-0.00250004
326.42692943,0.00030404
326.63767190,-0.00084118
326.84843045,0.00353998
327.05920510,0.00214474
327.26999582,0.00147084
327.48080263,0.00061690
327.69162551,-0.00012608
327.90246446,-0.00297983
328.11331948,0.00134588
328.32419055,-0.00119486
328.53507769,0.00012413
328.74598088,0.00004054
328.95690012,0.00697038
329.16783540,-0.00113380
329.37878672,0.00131129
329.58975408,-0.00404193
329.80073746,0.00313663
330.01173688,0.00226167
330.22275232,0.00458131
330.43378377,0.00116542
330.64483124,0.00130335
330.85589472,0.00101175
331.06697421,0.00293585
331.27806969,-0.00029234
331.48918117,0.00267844
331.70030865,-0.00028003
331.91145211,0.00085322
332.12261156,-0.00029227
332.33378698,0.00122059
332.54497838,-0.00163283
332.75618575,-0.00060487
332.96740909,-0.00050080
333.17864839,0.00282474
333.38990365,-0.00059213
333.60117486,0.00279012
333.81246202,-0.00229224
334.02376512,-0.00134218
334.23508416,0.00124201
334.44641914,0.00210269
334.65777006,-0.00239650
334.86913689,-0.00027847
335.08051966,0.00074226
335.29191834,0.00268620
335.50333293,0.00045752
335.71476344,0.00051229
335.92620985,0.00034582
336.13767216,0.00101991
336.34915037,0.00249885
336.56064447,-0.00177976
336.77215446,0.00149073
336.98368033,-0.00214618
337.19522208,-0.00141720
337.40677971,-0.00046625
337.61835321,0.00144886
337.82994258,-0.00160475
338.04154781,-0.00137537
338.25316889,0.00282445
338.46480583,-0.00284153
338.67645862,0.00401943
338.88812725,0.00143646
339.09981173,0.00244879
339.31151204,-0.00021689
339.52322818,-0.00000099
339.73496015,-0.00349982
339.94670795,0.00049225
340.15847156,-0.00254916
340.37025099,0.00089449
340.58204623,0.00108233
340.79385727,-0.00217460
341.00568411,-0.00184165
341.21752676,0.00064528
341.42938519,-0.00212500
341.64125942,0.00042948
341.85314943,-0.00111240
342.06505521,0.00108236
342.27697678,-0.00039650
342.48891411,0.00001212
342.70086722,-0.00065472
342.91283608,0.00376902
343.12482071,-0.00002155
343.33682108,-0.00138181
343.54883721,-0.00311133
343.76086908,0.00174920
343.97291670,0.00087407
344.18498005,0.00072007
344.39705913,-0.00236219
344.60915394,0.00433111
344.82126447,-0.00172948
345.03339073,0.00424072
345.24553269,-0.00054886
345.45769037,0.00208202
345.66986376,0.00066536
345.88205285,-0.00046676
346.09425763,-0.00244473
346.30647811,0.00010334
346.51871428,-0.00125043
346.73096613,0.00042903
346.94323366,-0.00327875
347.15551687,0.00018679
347.36781575,0.00043669
347.58013030,0.00267836
347.79246051,0.00028392
348.00480637,0.00164443
348.21716790,0.00066485
348.42954507,0.00059591
348.64193789,-0.00425755
348.85434635,0.00287384
349.06677045,0.00029079
349.27921018,0.00211593
349.49166553,0.00086601
349.70413652,0.00058267
349.91662312,-0.00222976
350.12912534,0.00388701
350.34164316,0.00324118
350.55417660,0.00039522
350.76672564,-0.00018832
350.97929027,0.00253365
351.19187050,0.00192923
351.40446632,0.00222800
351.61707772,-0.00300017
351.82970470,-0.00030072
352.04234726,-0.00109163
352.25500540,-0.00000087
352.46767910,-0.00039667
352.68036836,0.00188813
352.89307318,0.00026294
353.10579356,-0.00022956
353.31852949,-0.00072966
353.53128096,0.00030435
353.74404797,-0.00321516
353.95683053,0.00106160
354.16962861,0.00118622
354.38244222,0.00084583
354.59527136,-0.00136313
354.80811602,0.00083263
355.02097619,-0.00547884
355.23385188,0.00032507
355.44674307,-0.00113299
355.65964977,0.00266531
355.87257196,-0.00195842
356.08550965,-0.00090471
356.29846282,-0.00398557
356.51143149,0.00104113
356.72441563,0.00083259
356.93741525,0.00322154
357.15043034,-0.00040440
357.36346090,0.00279028
357.57650693,-0.00031318
357.78956841,0.00174179
358.00264535,-0.00109244
358.21573774,0.00401941
358.42884557,0.00066592
358.64196885,0.00203308
358.85510756,-0.00084207
359.06826171,-0.00137526
359.28143129,-0.00064650
359.49461629,0.00172059
359.70781671,-0.00159211
359.92103255,-0.00054263
360.13426380,-0.00000068
360.34751046,0.00026315
360.56077252,-0.00305018
360.77404998,0.00162415
360.98734283,-0.00020902
361.20065108,0.00190786
361.41397471,-0.00479965
361.62731372,-0.00235452
361.84066811,-0.00175069
362.05403787,0.00238688
362.26742299,-0.00117476
362.48082349,0.00283216
362.69423934,-0.00427117
362.90767055,0.00134620
363.12111711,-0.00075860
363.33457901,0.00264468
363.54805626,-0.00210479
363.76154885,-0.00011247
363.97505677,0.00009594
364.18858001,0.00445673
364.40211859,0.00070715
364.61567248,-0.00140456
364.82924169,-0.00425760
365.04282622,0.00106127
365.25642605,0.00014503
365.47004118,0.00147061
365.68367162,0.00122100
365.89731734,0.00291534
366.11097836,0.00054022
366.32465467,0.00163653
366.53834625,-0.00198710
366.75205312,0.00139512
366.96577525,0.00124909
367.17951266,0.00230400
367.39326533,-0.00319501
367.60703326,-0.00020901
367.82081644,-0.00327054
368.03461488,0.00215742
368.24842856,0.00046983
368.46225749,0.00133205
368.67610166,0.00033271
368.88996105,0.00290790
369.10383568,-0.00057042
369.31772554,0.00089497
369.53163061,-0.00064613
369.74555090,0.00342759
369.95948641,-0.00165371
370.17343712,0.00241558
370.38740304,0.00116575
370.60138415,0.00403285
370.81538046,-0.00290314
371.02939196,0.00254091
371.24341865,-0.00093800
371.45746052,0.00030438
371.67151757,-0.00086248
371.88558979,0.00072864
372.09967718,-0.00289614
372.31377973,0.00596923
372.52789745,-0.00346551
372.74203032,0.00045718
372.95617834,0.00037410
373.17034151,0.00219970
373.38451982,0.00153298
373.59871328,0.00095682
373.81292186,-0.00241700
374.02714558,0.00313596
374.24138442,0.00055357
374.45563838,-0.00081302
374.66990746,-0.00135473
374.88419166,0.00147096
375.09849096,0.00082446
375.31280536,0.00056120
375.52713487,0.00029078
375.74147947,0.00426256
375.95583916,0.00009464
376.17021394,-0.00204175
376.38460380,-0.00072989
376.59900874,-0.00302997
376.81342875,-0.00194582
377.02786384,-0.00045870
377.24231398,-0.00012557
377.45677919,0.00409479
377.67125946,0.00013621
377.88575477,0.00176993
378.10026514,-0.00102139
378.31479054,0.00092855
378.52933099,-0.00102901
378.74388647,0.00062431
378.95845698,0.00006144
379.17304252,-0.00036330
379.38764308,-0.00057131
379.60225866,-0.00166700
379.81688925,-0.00114702
380.03153485,-0.00011275
380.24619545,-0.00188353
380.46087105,-0.00045853
380.67556165,0.00102002
380.89026724,0.00107480
381.10498782,-0.00136242
381.31972338,0.00222790
381.53447392,-0.00135459
381.74923943,-0.00059171
381.96401992,0.00097081
382.17881536,-0.00000066
382.39362577,-0.00068819
382.60845114,0.00353215
382.82329146,-0.00217469
383.03814672,0.00031171
383.25301693,-0.00108405
383.46790208,0.00176121
383.68280217,-0.00228028
383.89771718,0.00027011
384.11264712,0.00047840
384.32759199,0.00021981
384.54255177,-0.00234146
384.75752646,0.00054071
384.97251607,0.00220687
385.18752058,0.00238645
385.40253999,-0.00198798
385.61757429,0.00268625
385.83262349,-0.00116747
386.04768757,-0.00050868
386.26276654,0.00190762
386.47786039,0.00039513
386.69296911,0.00243572
386.90809270,0.00403251
387.12323116,-0.00127921
387.33838447,0.00476919
387.55355265,-0.00047985
387.76873568,0.00396989
387.98393355,-0.00159197
388.19914627,0.00176998
388.41437383,0.00047827
388.62961623,0.00059604
388.84487346,0.00038602
389.06014551,0.00058229
389.27543239,0.00006177
389.49073408,0.00145048
389.70605059,-0.00317633
389.92138191,0.00316500
390.13672803,0.00097863
390.35208895,-0.00004989
390.56746467,-0.00150840
390.78285518,0.00251970
390.99826048,0.00189472
391.21368057,0.00172043
391.42911543,0.00003154
391.64456506,0.00008255
391.86002947,-0.00187550
392.07550864,0.00271903
392.29100258,0.00078391
392.50651127,0.00264470
392.72203472,-0.00141751
392.93757291,-0.00044679
393.15312585,0.00005295
393.36869353,0.00208207
393.58427595,-0.00214616
393.79987309,0.00107510
394.01548497,-0.00198772
394.23111156,-0.00122962
394.44675288,-0.00389590
394.66240890,0.00190692
394.87807964,-0.00384107
395.09376509,0.00239437
395.30946523,-0.00260435
395.52518007,0.00126145
395.74090961,-0.00065411
395.95665383,0.00083246
396.17241274,0.00156171
396.38818632,0.00099157
396.60397458,-0.00023826
396.81977752,0.00206144
397.03559511,-0.00106303
397.25142737,0.00388700
397.46727429,-0.00046730
397.68313586,0.00116553
397.89901208,-0.00189618
398.11490295,0.00347029
398.33080845,-0.00132114
398.54672860,-0.00020895
398.76266337,-0.00439560
398.97861277,0.00132460
399.19457680,0.00057497
399.41055544,0.00095761
399.62654870,-0.00025078
399.84255656,0.00078382
400.05857904,-0.00171685
400.27461611,-0.00139649
400.49066778,0.00131173
400.70673405,-0.00042554
400.92281490,-0.00136155
401.13891034,-0.00022948
401.35502036,-0.00060475
401.57114495,-0.00032215
401.78728411,-0.00044544
402.00343784,0.00166553
402.21960614,-0.00524984
402.43578899,0.00628209
402.65198639,-0.00277891
402.86819835,0.00135310
403.08442485,-0.00122954
403.30066589,0.00261521
403.51692147,-0.00357037
403.73319158,0.00033286
403.94947621,0.00298998
404.16577537,-0.00273750
404.38208905,0.00329002
404.59841725,-0.00268774
404.81475995,-0.00165503
405.03111716,0.00046970
405.24748887,0.00020760
405.46387509,-0.00270821
405.68027579,0.00072168
405.89669098,0.00020031
406.11312066,0.00093654
406.32956481,-0.00518740
406.54602345,-0.00034130
406.76249655,-0.00386219
406.97898412,0.00116593
407.19548616,-0.00147949
407.41200265,0.00061644
407.62853360,-0.00067686
407.84507899,0.00410242
408.06163883,0.00008225
408.27821312,0.00278252
408.49480184,-0.00138379
408.71140499,0.00258196
408.92802257,-0.00035484
409.14465458,-0.00182063
409.36130100,0.00330361
409.57796184,0.00199902
409.79463709,-0.00020914
410.01132674,-0.00038340
410.22803080,-0.00065466
410.44474926,0.00399826
410.66148211,-0.00066715
410.87822935,-0.00025887
411.09499097,0.00307377
411.31176698,-0.00137547
411.52855736,-0.00081293
411.74536211,-0.00213359
411.96218123,0.00261499
412.17901471,-0.00093794
412.39586255,-0.00023004
412.61272475,0.00078282
412.82960130,0.00105427
413.04649219,0.00056139
413.26339742,0.00247797
413.48031699,0.00097060
413.69725090,0.00169910
413.91419913,-0.00114674
414.13116169,0.00129070
414.34813856,-0.00071689
414.56512976,-0.00053032
414.78213526,0.00235250
414.99915507,-0.00043822
415.21618918,-0.00246758
415.43323759,-0.00513337
415.65030030,0.00149857
415.86737729,-0.00210476
416.08446857,0.00053299
416.30157413,-0.00032118
416.51869396,0.00010358
416.73582807,-0.00225059
416.95297645,0.00024107
417.17013909,0.00092860
417.38731599,0.00216560
417.60450714,-0.00262585
417.82171255,0.00319944
418.03893220,-0.00073815
418.25616609,0.00383132
418.47341422,-0.00020914
418.69067658,0.00186542
418.90795318,-0.00459143
419.12524399,0.00164459
419.34254903,-0.00029237
419.55986828,0.00319931
419.77720174,-0.00067534
419.99454942,0.00476918
420.21191129,-0.00245856
420.42928736,0.00403220
420.64667763,0.00042774
420.86408209,0.00026960
421.08150073,-0.00102176
421.29893355,0.00153339
421.51638055,-0.00130062
421.73384172,-0.00043781
421.95131707,-0.00193813
422.16880657,0.00178314
422.38631023,-0.00152933
422.60382805,0.00104089
422.82136002,-0.00329173
423.03890614,0.00130337
423.25646640,-0.00286282
423.47404080,0.00320663
423.69162933,-0.00235475
423.90923199,0.00049157
424.12684877,0.00201278
424.34447968,-0.00091695
424.56212470,-0.00379163
424.77978383,0.00357439
424.99745707,-0.00013427
425.21514442,0.00295687
425.43284586,-0.00216734
425.65056140,0.00134584
425.86829102,-0.00057138
426.08603474,0.00083180
426.30379253,-0.00270841
426.52156440,0.00094940
426.73935035,-0.00105031
426.95715036,0.00314476
427.17496444,-0.00127148
427.39279258,0.00186610
427.61063477,0.00059529
427.82849101,-0.00202124
428.04636130,0.00104042
428.26424564,0.00080371
428.48214401,-0.00134319
428.70005642,0.00058260
428.91798285,-0.00062616
429.13592331,-0.00017617
429.35387779,-0.00007095
429.57184629,0.00137343
429.78982880,-0.00000116
430.00782532,-0.00017565
430.22583584,0.00197051
430.44386036,0.00345702
430.66189888,0.00141540
430.87995138,-0.00144619
431.09801788,0.00236589
431.31609835,0.00243554
431.53419280,0.00176965
431.75230123,-0.00002937
431.97042362,-0.00096762
432.18855998,-0.00220937
432.40671030,-0.00172985
432.62487457,0.00219917
432.84305280,-0.00619548
433.06124497,0.00189461
433.27945109,-0.00233357
433.49767114,0.00126260
433.71590513,-0.00277953
433.93415305,-0.00241704
434.15241489,-0.00062571
434.37069066,-0.00186285
434.58898034,-0.00065402
434.80728394,-0.00047982
435.02560144,-0.00133406
435.24393285,0.00421875
435.46227815,0.00238641
435.68063736,0.00141525
435.89901045,-0.00252111
436.11739743,0.00088782
436.33579829,-0.00163278
436.55421303,0.00314404
436.77264164,-0.00375062
436.99108413,0.00165804
437.20954047,-0.00177941
437.42801068,-0.00004243
437.64649474,0.00093654
437.86499266,-0.00177897
438.08350442,-0.00177919
438.30203003,0.00345708
438.52056948,-0.00431265
438.73912276,0.00140827
438.95768987,-0.00152919
439.17627080,-0.00031327
439.39486556,-0.00139614
439.61347414,0.00028327
439.83209652,0.00084553
440.05073272,-0.00012645
440.26938272,-0.00210446
440.48804652,0.00390724
440.70672412,0.00201152
440.92541551,-0.00006349
441.14412068,-0.00058430
441.36283964,0.00292890
441.58157237,-0.00202871
441.80031888,0.00220656
442.01907916,-0.00141755
442.23785320,0.00284442
442.45664101,0.00401221
442.67544257,0.00212361
442.89425788,0.00245712
443.11308695,-0.00084218
443.33192975,0.00167804
443.55078629,0.00058243
443.76965657,-0.00272903
443.98854058,0.00313583
444.20743832,-0.00484153
444.42634978,-0.00072992
444.64527495,-0.00237560
444.86421384,0.00082504
445.08316644,-0.00084245
445.30213274,0.00118658
445.52111275,0.00276925
445.74010644,0.00236687
445.95911383,-0.00198747
446.17813491,-0.00018848
446.39716967,-0.00054213
446.61621811,0.00278245
446.83528022,-0.00469530
447.05435601,0.00056143
447.27344546,0.00006140
447.49254857,0.00047052
447.71166533,-0.00242442
447.93079575,-0.00031335
448.14993982,-0.00287535
448.36909753,0.00147070
448.58826888,-0.00075997
448.80745387,0.00014457
449.02665249,0.00006151
449.24586473,-0.00171692
449.46509060,-0.00107077
449.68433008,0.00206131
449.90358318,0.00016617
450.12284989,0.00257430
450.34213020,0.00036621
450.56142411,-0.00148002
450.78073162,-0.00285468
451.00005272,0.00598986
451.21938741,-0.00055012
451.43873568,0.00124927
451.65809753,-0.00125030
451.87747296,-0.00040513
452.09686195,-0.00457122
452.31626451,0.00235259
452.53568064,0.00083228
452.75511032,0.00501105
452.97455355,-0.00192449
453.19401033,0.00179065
453.41348066,0.00206123
453.63296452,0.00865600
453.85246192,-0.00134151
454.07197286,0.01214120
454.29149732,0.00101988
454.51103530,0.00767672
454.73058680,0.00122073
454.95015181,0.00726757
455.16973034,0.00324799
455.38932237,0.01250778
455.60892790,0.00580100
455.82854693,0.02996976
456.04817944,0.00849620
456.26782545,0.04377144
456.48748494,0.01494527
456.70715791,0.05937733
456.92684436,0.03159413
457.14654427,0.09238118
457.36625766,0.04250042
457.58598450,0.08889003
457.80572480,0.10299018
458.02547856,0.11208363
458.24524576,0.09702582
458.46502641,0.15543214
458.68482050,0.11232055
458.90462802,0.17921027
459.12444898,0.16281841
459.34428336,0.19508823
459.56413117,0.23711678
459.78399239,0.21124080
460.00386703,0.25967368
460.22375508,0.23459767
460.44365654,0.29884120
460.66357139,0.30882000
460.88349965,0.35879001
461.10344129,0.31324066
461.32339633,0.37292450
461.54336475,0.39179303
461.76334654,0.40342327
461.98334172,0.41273281
462.20335026,0.43382227
462.42337217,0.43663348
462.64340744,0.49098042
462.86345607,0.46836248
463.08351806,0.53489866
463.30359339,0.51386240
463.52368207,0.59118003
463.74378409,0.58493226
463.96389945,0.63116129
464.18402813,0.57955046
464.40417015,0.62983635
464.62432549,0.67594700
464.84449415,0.69743473
465.06467612,0.69528997
465.28487140,0.79072764
465.50507999,0.69279758
465.72530188,0.77347448
465.94553707,0.73656686
466.16578555,0.78220644
466.38604732,0.72374752
466.60632237,0.78180548
466.82661070,0.75958156
467.04691231,0.79787100
467.26722719,0.78250032
467.48755534,0.86157508
467.70789675,0.80467273
467.92825142,0.85393834
468.14861934,0.80267971
468.36900051,0.87986058
468.58939493,0.84014144
468.80980259,0.87944942
469.03022348,0.91721079
469.25065761,0.87658859
469.47110496,0.87181918
469.69156554,0.88721990
469.91203934,0.87124549
470.13252635,0.87090413
470.35302658,0.84580669
470.57354001,0.88319817
470.79406664,0.87014094
471.01460647,0.87321555
471.23515949,0.85661620
471.45572570,0.92193957
471.67630510,0.88967741
471.89689768,0.90751953
472.11750343,0.83808146
472.33812236,0.87551357
472.55875445,0.86255852
472.77939970,0.89502224
473.00005812,0.83864297
473.22072968,0.88626115
473.44141440,0.83227789
473.66211226,0.85157760
473.88282327,0.82756151
474.10354741,0.86984970
474.32428469,0.79636995
474.54503509,0.84726705
474.76579861,0.84270389
474.98657526,0.81415940
475.20736502,0.79666107
475.42816790,0.83549852
475.64898388,0.78415637
475.86981296,0.83840091
476.09065514,0.79949589
476.31151041,0.80606811
476.53237877,0.78861626
476.75326022,0.75786060
476.97415475,0.76175629
477.19506235,0.80438300
477.41598303,0.74379598
477.63691677,0.75623662
477.85786358,0.70891805
478.07882345,0.77226609
478.29979637,0.69272597
478.52078234,0.72162160
478.74178136,0.71997577
478.96279342,0.74092155
479.18381852,0.67612748
479.40485665,0.74588523
479.62590780,0.71172923
479.84697199,0.67035925
480.06804919,0.64046974
480.28913941,0.66526242
480.51024264,0.60642568
480.73135888,0.66181856
480.95248811,0.64417855
481.17363035,0.63471040
481.39478558,0.57558072
481.61595381,0.62270652
481.83713501,0.57482293
482.05832920,0.61344512
482.27953636,0.58032953
482.50075650,0.57270049
482.72198961,0.57086711
482.94323568,0.58649464
483.16449470,0.55592042
483.38576669,0.57222125
483.60705162,0.53025318
483.82834950,0.60294844
484.04966032,0.55723295
484.27098408,0.55678784
484.49232077,0.52508668
484.71367040,0.58301658
484.93503294,0.52765761
485.15640841,0.57176230
485.37779679,0.49711787
485.59919809,0.56310593
485.82061229,0.53971660
486.04203940,0.56613938
486.26347940,0.51952654
486.48493230,0.57747740
486.70639809,0.54506860
486.92787676,0.57519939
487.14936832,0.51869427
487.37087275,0.57008230
487.59239005,0.53367537
487.81392023,0.57661560
488.03546326,0.57147036
488.25701916,0.60074228
488.47858791,0.57731015
488.70016952,0.59965062
488.92176397,0.56426375
489.14337126,0.58151655
489.36499139,0.61966931
489.58662435,0.68229230
489.80827015,0.57805089
490.02992877,0.63016952
490.25160021,0.60919560
490.47328446,0.67123306
490.69498153,0.66890034
490.91669141,0.66886693
491.13841408,0.66786596
491.36014956,0.72080337
491.58189784,0.67135723
491.80365890,0.76113146
492.02543275,0.66561772
492.24721938,0.74935611
492.46901879,0.71047043
492.69083097,0.74501223
492.91265592,0.70500103
493.13449363,0.76841230
493.35634411,0.73906659
493.57820734,0.79505871
493.80008332,0.74365776
494.02197205,0.81275278
494.24387352,0.79432256
494.46578773,0.81965511
494.68771467,0.78862283
494.90965434,0.80921528
495.13160674,0.80935909
495.35357186,0.83033931
495.57554970,0.83198561
495.79754025,0.88535709
496.01954350,0.86821584
496.24155946,0.87792871
496.46358812,0.83858650
496.68562948,0.88739970
496.90768352,0.86665376
497.12975026,0.96144640
497.35182967,0.87237010
497.57392176,0.91539226
497.79602653,0.89308555
498.01814396,0.94518248
498.24027406,0.93941407
498.46241682,0.92703379
498.68457224,0.89812643
498.90674030,0.91152365
499.12892102,0.92099938
499.35111438,0.95850372
499.57332037,0.91714057
499.79553900,0.94913929
500.01777026,0.96686253
500.24001415,0.95844023
500.46227066,0.94536102
500.68453978,0.96496624
500.90682152,0.93183119
501.12911587,0.94890297
501.35142282,0.94567465
501.57374237,0.94237046
501.79607451,0.88628065
502.01841925,0.96391898
502.24077657,0.91043263
502.46314648,0.95355362
502.68552896,0.93012274
502.90792402,0.94990049
503.13033164,0.92188733
503.35275184,0.93791248
503.57518459,0.93701685
503.79762990,0.92899010
504.02008776,0.89252174
504.24255817,0.94574332
504.46504112,0.87099455
504.68753661,0.91435009
504.91004464,0.85751134
505.13256519,0.88090954
505.35509828,0.84543916
505.57764388,0.94631930
505.80020200,0.89035688
506.02277264,0.88928119
506.24535578,0.89282273
506.46795143,0.85530529
506.69055958,0.83120648
506.91318022,0.84875145
507.13581335,0.80311901
507.35845898,0.82793898
507.58111708,0.80350737
507.80378766,0.83408911
508.02647072,0.78660206
508.24916625,0.81960817
508.47187424,0.75660371
508.69459469,0.85439522
508.91732760,0.76488017
509.14007297,0.75779178
509.36283078,0.75635568
509.58560103,0.76337992
509.80838373,0.74730214
510.03117886,0.74231574
510.25398642,0.67002471
510.47680640,0.71549931
510.69963881,0.72243439
510.92248364,0.76807903
511.14534088,0.64174159
511.36821052,0.64664338
511.59109258,0.62979400
511.81398703,0.66829677
512.03689388,0.59356734
512.25981312,0.59880327
512.48274475,0.58143339
512.70568876,0.58629990
512.92864516,0.59017421
513.15161392,0.57868411
513.37459506,0.51139217
513.59758856,0.54050096
513.82059442,0.50871735
514.04361264,0.50108228
514.26664321,0.53627950
514.48968613,0.50275999
514.71274140,0.43280191
514.93580900,0.46759148
515.15888894,0.43241454
515.38198121,0.42911719
515.60508581,0.40104039
515.82820273,0.44470247
516.05133197,0.37232682
516.27447352,0.40755959
516.49762739,0.38496895
516.72079355,0.35502044
516.94397202,0.40183185
517.16716278,0.32435445
517.39036584,0.38326243
517.61358118,0.34319059
517.83680881,0.35215970
518.06004872,0.28769806
518.28330090,0.30670048
518.50656535,0.29037306
518.72984207,0.29309364
518.95313105,0.23940115
519.17643229,0.27462759
519.39974578,0.24628216
519.62307152,0.24419147
519.84640950,0.23554725
520.06975972,0.24217745
520.29312218,0.27833421
520.51649687,0.25441760
520.73988379,0.22163553
520.96328293,0.25248774
521.18669429,0.19063070
521.41011786,0.20995159
521.63355365,0.21851218
521.85700163,0.20281415
522.08046182,0.16432520
522.30393421,0.19816409
522.52741879,0.15134210
522.75091556,0.23388898
522.97442451,0.19267141
523.19794564,0.19226954
523.42147894,0.16860969
523.64502442,0.21250054
523.86858206,0.16938735
524.09215187,0.19435113
524.31573383,0.15019819
524.53932794,0.17176100
524.76293421,0.16111894
524.98655262,0.19039356
525.21018317,0.12297655
525.43382586,0.17748855
525.65748067,0.12654476
525.88114762,0.15078079
526.10482669,0.16125612
526.32851788,0.18902696
526.55222118,0.17559299
526.77593659,0.15694600
526.99966411,0.14630260
527.22340373,0.16303444
527.44715544,0.13193925
527.67091925,0.16575751
527.89469515,0.13116269
528.11848313,0.17244839
528.34228319,0.11679907
528.56609533,0.15946594
528.78991954,0.14388670
529.01375581,0.20146058
529.23760415,0.14589329
529.46146455,0.18129254
529.68533700,0.19268525
529.90922150,0.16620018
530.13311804,0.12229634
530.35702663,0.18727002
530.58094725,0.15242643
530.80487990,0.16815796
531.02882458,0.14866379
531.25278129,0.16852635
531.47675001,0.14426127
531.70073075,0.18342448
531.92472350,0.13662508
532.14872825,0.20786769
532.37274501,0.13070403
532.59677377,0.19506799
532.82081451,0.14362392
533.04486725,0.15450711
533.26893197,0.15900726
533.49300867,0.17205209
533.71709735,0.14745624
533.94119800,0.18862450
534.16531061,0.15213475
534.38943519,0.18598558
534.61357173,0.13260592
534.83772022,0.20372331
535.06188066,0.14536539
535.28605305,0.22668191
535.51023738,0.14699743
535.73443364,0.17281526
535.95864184,0.13715888
536.18286196,0.20775039
536.40709401,0.15601605
536.63133798,0.19349711
536.85559386,0.18096078
537.07986166,0.22149680
537.30414136,0.16830439
537.52843296,0.18097879
537.75273646,0.19962080
537.97705186,0.21666558
538.20137914,0.16888678
538.42571831,0.19124779
538.65006936,0.18347979
538.87443228,0.19452602
539.09880708,0.19119270
539.32319374,0.21140994
539.54759227,0.20284923
539.77200266,0.23838774
539.99642490,0.21895588
540.22085899,0.23413152
540.44530492,0.20759710
540.66976270,0.25682010
540.89423232,0.22332908
541.11871377,0.24977370
541.34320704,0.20730656
541.56771214,0.24613611
541.79222906,0.27600111
542.01675780,0.23694271
542.24129835,0.24154684
542.46585070,0.28016585
542.69041486,0.22026838
542.91499081,0.24169177
543.13957856,0.22019708
543.36417810,0.26625611
543.58878942,0.24426066
543.81341253,0.29428139
544.03804741,0.26845483
544.26269406,0.27152356
544.48735248,0.23126384
544.71202267,0.30421567
544.93670461,0.27459757
545.16139831,0.29495432
545.38610376,0.26883757
545.61082095,0.31152645
545.83554989,0.25599948
546.06029056,0.30899225
546.28504297,0.25756939
546.50980711,0.32597994
546.73458297,0.28334589
546.95937055,0.29901640
547.18416985,0.27641905
547.40898085,0.32339788
547.63380357,0.30717399
547.85863799,0.33025626
548.08348411,0.32871547
548.30834192,0.31071310
548.53321142,0.30933810
548.75809260,0.33806783
548.98298547,0.31615645
549.20789002,0.32429271
549.43280623,0.32635355
549.65773412,0.37101666
549.88267367,0.32194621
550.10762488,0.35330512
550.33258774,0.34880673
550.55756226,0.38571954
550.78254842,0.32357149
551.00754622,0.37257025
551.23255566,0.35220237
551.45757674,0.36495465
551.68260944,0.31084520
551.90765377,0.36455088
552.13270972,0.34859692
552.35777728,0.38426152
552.58285646,0.34019097
552.80794725,0.37888094
553.03304963,0.35628468
553.25816362,0.44901343
553.48328920,0.39875742
553.70842637,0.38773194
553.93357513,0.34651376
554.15873547,0.38938566
554.38390739,0.40554801
554.60909088,0.38829496
554.83428593,0.36021782
555.05949256,0.41298325
555.28471074,0.36837177
555.50994048,0.39706373
555.73518176,0.34259921
555.96043460,0.39257259
556.18569898,0.38130438
556.41097489,0.41389093
556.63626234,0.37244556
556.86156132,0.38992607
557.08687183,0.35764482
557.31219385,0.42736813
557.53752740,0.42161703
557.76287245,0.41448229
557.98822901,0.39342549
558.21359708,0.42759603
558.43897664,0.37471504
558.66436770,0.44082957
558.88977025,0.41079581
559.11518429,0.42532674
559.34060981,0.42669960
559.56604680,0.46194783
559.79149527,0.46859070
560.01695521,0.43392829
560.24242662,0.44494489
560.46790948,0.46038524
560.69340380,0.48808690
560.91890957,0.55424874
561.14442678,0.43244880
561.36995545,0.48935558
561.59549554,0.44459849
561.82104708,0.48916099
562.04661004,0.45639918
562.27218443,0.52001315
562.49777024,0.43728861
562.72336747,0.51725778
562.94897611,0.44854765
563.17459615,0.48866878
563.40022760,0.47396443
563.62587046,0.54831092
563.85152470,0.51111265
564.07719034,0.52947108
564.30286736,0.49102180
564.52855577,0.52817014
564.75425555,0.52654585
564.97996671,0.53482201
565.20568924,0.51630686
565.43142313,0.60537737
565.65716838,0.53981257
565.88292499,0.57220719
566.10869295,0.52738809
566.33447226,0.54804016
566.56026291,0.52498297
566.78606490,0.59674176
567.01187822,0.55314867
567.23770288,0.55928724
567.46353886,0.54106118
567.68938616,0.59122273
567.91524478,0.63512624
568.14111471,0.62628874
568.36699595,0.58302910
568.59288850,0.61267427
568.81879234,0.60498797
569.04470748,0.64686467
569.27063391,0.59342217
569.49657163,0.62810683
569.72252063,0.63668832
569.94848091,0.65467452
570.17445247,0.61591432
570.40043529,0.66588706
570.62642938,0.61783912
570.85243473,0.62418503
571.07845133,0.64567721
571.30447919,0.69200510
571.53051830,0.64187388
571.75656864,0.68937395
571.98263023,0.67912490
572.20870306,0.65064224
572.43478711,0.63616765
572.66088239,0.67847921
572.88698889,0.65438444
573.11310661,0.67296930
573.33923555,0.62944019
573.56537569,0.69049756
573.79152704,0.67085781
574.01768958,0.68380071
574.24386332,0.70403636
574.47004826,0.67748317
574.69624438,0.70112749
574.92245169,0.67536563
575.14867017,0.72267599
575.37489983,0.67477180
575.60114065,0.74632280
575.82739265,0.70073188
576.05365580,0.72798674
576.27993011,0.68801789
576.50621558,0.74761470
576.73251219,0.66882484
576.95881994,0.73277827
577.18513884,0.71217927
577.41146887,0.74267726
577.63781003,0.69864954
577.86416232,0.73486186
578.09052573,0.73021521
578.31690026,0.73820119
578.54328590,0.69088058
578.76968265,0.73092411
578.99609051,0.70401507
579.22250946,0.74365780
579.44893952,0.72024625
579.67538066,0.75677025
579.90183289,0.72746574
580.12829621,0.76463061
580.35477061,0.70743845
580.58125607,0.77361859
580.80775261,0.72529912
581.03426022,0.76837759
581.26077889,0.73159776
581.48730861,0.78624117
581.71384939,0.75387409
581.94040121,0.78858145
582.16696408,0.74255313
582.39353799,0.76776698
582.62012294,0.75883282
582.84671892,0.79214342
583.07332592,0.76887836
583.29994395,0.77393129
583.52657299,0.75016683
583.75321305,0.78564564
583.97986412,0.75432154
584.20652619,0.77049581
584.43319927,0.74881568
584.65988334,0.78922711
584.88657840,0.76133875
585.11328446,0.79076010
585.34000149,0.76878717
585.56672950,0.79995407
585.79346849,0.74952942
586.02021845,0.82150176
586.24697938,0.76339267
586.47375127,0.76844237
586.70053411,0.74744779
586.92732791,0.78349067
587.15413266,0.74452412
587.38094835,0.79859933
587.60777499,0.75696615
587.83461256,0.78563819
588.06146106,0.79800854
588.28832048,0.76134021
588.51519083,0.76494268
588.74207210,0.77212019
588.96896429,0.75558149
589.19586738,0.76852622
589.42278138,0.75017536
589.64970628,0.77211896
589.87664208,0.76301860
590.10358877,0.79139356
590.33054635,0.74530251
590.55751481,0.78582513
590.78449415,0.72517367
591.01148437,0.75457147
591.23848546,0.73455371
591.46549741,0.75579205
591.69252023,0.70413933
591.91955390,0.72616313
592.14659843,0.69200544
592.37365381,0.74017042
592.60072003,0.67525199
592.82779710,0.75273862
593.05488500,0.67490610
593.28198373,0.72271874
593.50909329,0.68354346
593.73621367,0.71639280
593.96334487,0.64472821
594.19048689,0.68627064
594.41763972,0.65871492
594.64480335,0.69515081
594.87197778,0.65157934
595.09916301,0.69085357
595.32635904,0.65661294
595.55356585,0.67657207
595.78078345,0.61365361
596.00801183,0.64930119
596.23525098,0.62855759
596.46250090,0.65509937
596.68976160,0.62633795
596.91703305,0.60412791
597.14431526,0.57372003
597.37160823,0.58514120
597.59891194,0.58187018
597.82622641,0.56974198
598.05355161,0.59256901
598.28088755,0.56404167
598.50823422,0.54477717
598.73559162,0.54427043
598.96295974,0.56878228
599.19033858,0.54004936
599.41772814,0.54302690
599.64512841,0.51350896
599.87253938,0.49707722
600.09996106,0.50174849
600.32739343,0.50689179
600.55483650,0.50072073
600.78229025,0.44190441
601.00975469,0.49322927
601.23722982,0.45228204
601.46471561,0.50447076
601.69221208,0.46062831
601.91971922,0.46519661
602.14723702,0.42720774
602.37476547,0.43115940
602.60230459,0.44507021
602.82985435,0.43245621
603.05741475,0.38294940
603.28498580,0.45042341
603.51256749,0.35897037
603.74015981,0.39269624
603.96776276,0.36439183
604.19537633,0.38679656
604.42300052,0.32952083
604.65063532,0.35406210
604.87828074,0.33040105
605.10593676,0.39641751
605.33360339,0.33735297
605.56128061,0.33715001
605.78896843,0.31686465
606.01666684,0.33855993
606.24437583,0.35253407
606.47209540,0.32790414
606.69982555,0.28187353
606.92756627,0.32231606
607.15531756,0.26583011
607.38307941,0.32894543
607.61085182,0.24017860
607.83863479,0.32089909
608.06642830,0.24560742
608.29423236,0.27812546
608.52204697,0.24213632
608.74987211,0.27791279
608.97770778,0.26445657
609.20555399,0.25611123
609.43341071,0.21712151
609.66127796,0.28242931
609.88915572,0.27168375
610.11704400,0.23755448
610.34494278,0.21185391
610.57285206,0.21857589
610.80077184,0.22380167
611.02870212,0.24936325
611.25664288,0.22664139
611.48459413,0.21134764
611.71255587,0.21742832
611.94052807,0.20148189
612.16851076,0.22016344
612.39650390,0.22902992
612.62450752,0.18079340
612.85252159,0.22659873
613.08054612,0.20960408
613.30858109,0.20684959
613.53662652,0.13922234
613.76468238,0.19071371
613.99274869,0.12979383
614.22082543,0.18697785
614.44891259,0.11618805
614.67701018,0.19540048
614.90511819,0.14310300
615.13323662,0.15742603
615.36136546,0.17108756
615.58950471,0.14366599
615.81765435,0.10865341
616.04581440,0.13432804
616.27398485,0.11222977
616.50216568,0.14474664
616.73035690,0.09730300
616.95855849,0.14457538
617.18677047,0.09279818
617.41499282,0.13589705
617.64322554,0.11409014
617.87146862,0.12739264
618.09972206,0.09223595
618.32798586,0.13785551
618.55626000,0.06100110
618.78454450,0.12695587
619.01283934,0.07228383
619.24114451,0.12733579
619.46946002,0.05383708
619.69778586,0.11547835
619.92612202,0.07678207
620.15446850,0.12400559
620.38282530,0.08116369
620.61119241,0.08352918
620.83956983,0.06443190
621.06795756,0.09336787
621.29635558,0.04413149
621.52476390,0.09234019
621.75318250,0.05795520
621.98161140,0.06372996
622.21005057,0.06614510
622.43850002,0.06226600
622.66695975,0.04545873
622.89542974,0.05092079
623.12391000,0.03153085
623.35240052,0.05984925
623.58090129,0.03789783
623.80941232,0.06239652
624.03793359,0.05158778
624.26646510,0.11633386
624.49500686,0.04583273
624.72355885,0.02761485
624.95212106,0.04552666
625.18069351,0.02971271
625.40927617,0.02606694
625.63786905,0.10394697
625.86647214,0.02092975
626.09508544,0.02358945
626.32370895,0.00865566
626.55234265,0.05235830
626.78098655,0.02817789
627.00964064,0.02142332
627.23830492,0.02483891
627.46697937,0.01443208
627.69566401,0.01451533
627.92435882,0.02152676
628.15306380,0.01588347
628.38177894,0.03317618
628.61050424,0.00866276
628.83923970,0.01690499
629.06798532,0.01107222
629.29674107,0.01597327
629.52550698,0.01509771
629.75428302,0.01840331
629.98306919,0.01036411
630.21186550,0.01436984
630.44067193,0.00424667
630.66948848,0.01563277
630.89831515,0.01203029
631.12715193,0.04729671
631.35599882,0.00074776
631.58485581,0.00657439
631.81372291,0.00113611
632.04260010,0.00545489
632.27148738,0.01734184
632.50038474,0.00890653
632.72929219,0.00916262
632.95820972,0.00393497
633.18713732,0.01001067
633.41607499,0.00176223
633.64502273,0.01766036
633.87398052,0.00195585
634.10294838,0.00753137
634.33192628,0.00734443
634.56091424,0.00345618
634.78991223,0.00428897
635.01892027,0.02644342
635.24793834,0.00503201
635.47696644,0.00910002
635.70600456,0.00403929
635.93505271,0.00757406
636.16411088,0.00140747
636.39317906,0.01893025
636.62225724,0.00160241
636.85134543,0.00484475
637.08044363,-0.00065426
637.30955181,0.00470615
637.53866999,-0.00062629
637.76779816,0.00817769
637.99693631,-0.00007046
638.22608443,0.00739281
638.45524254,0.00187273
638.68441061,0.00409470
638.91358864,-0.00052884
639.14277664,0.01597337
639.37197460,-0.00004334
639.60118250,0.01044807
639.83040036,0.00217921
640.05962816,0.00982884
640.28886589,0.00424773
640.51811357,0.00288617
640.74737117,0.00380360
640.97663870,0.00372719
641.20591615,-0.00227193
641.43520352,0.00369867
641.66450081,0.00055344
641.89380800,0.00147752
642.12312510,0.00270619
642.35245209,0.01111386
642.58178899,-0.00100915
642.81113577,0.00943667
643.04049245,0.00037124
643.26985900,0.00542295
643.49923544,-0.00027033
643.72862175,0.00533383
643.95801793,-0.00016816
644.18742397,0.00187359
644.41683988,0.00096083
644.64626564,0.00296536
644.87570126,-0.00093097
645.10514672,0.00477684
645.33460203,-0.00296486
645.56406718,0.00178507
645.79354216,0.00060418
646.02302698,-0.00044691
646.25252162,-0.00204568
646.48202609,0.00061485
646.71154037,0.00079544
646.94106446,0.00206038
647.17059837,-0.00027375
647.40014208,0.00061431
647.62969559,0.00094158
647.85925890,0.00093012
648.08883200,0.00025120
648.31841489,0.00854224
648.54800756,-0.00021510
648.77761001,0.00589489
649.00722224,-0.00055058
649.23684423,0.00349346
649.46647599,-0.00089689
649.69611752,0.00382315
649.92576880,0.00092810
650.15542983,0.00468466
650.38510061,0.00081066
650.61478114,0.00149226
650.84447141,-0.00086183
651.07417141,0.00135223
651.30388115,0.00322706
651.53360061,-0.00002912
651.76332979,0.00117872
651.99306870,0.00041512
652.22281731,-0.00266761
652.45257564,0.00109618
652.68234367,0.00045023
652.91212141,0.01241163
653.14190884,-0.00137612
653.37170596,0.00159631
653.60151277,-0.00088372
653.83132926,0.00530987
654.06115544,0.00041523
654.29099129,0.00347145
654.52083681,-0.00346529
654.75069199,0.00349749
654.98055684,-0.00131373
655.21043135,0.00142906
655.44031551,0.00157520
655.67020932,-0.00177129
655.90011277,-0.00133476
656.13002587,0.00101336
656.35994860,0.00417943
656.58988096,0.00168637
656.81982295,-0.00043917
657.04977456,0.00380450
657.27973579,0.00134589
657.50970664,-0.00293821
657.73968709,0.00322735
657.96967715,0.00107470
658.19967682,-0.00302901
658.42968608,0.00051909
658.65970493,-0.00316728
658.88973337,0.00192858
659.11977140,0.00238823
659.34981900,0.00131037
659.57987619,-0.00143833
659.80994294,0.00047169
660.04001926,-0.00232040
660.27010514,0.00272740
660.50020058,-0.00177226
660.73030557,0.00184697
660.96042011,-0.00333975
661.19054420,-0.00027244
661.42067783,-0.00212607
661.65082100,0.00299055
661.88097369,-0.00129964
662.11113592,0.00087324
662.34130767,-0.00068875
662.57148893,-0.00125744
662.80167972,-0.00090425
663.03188001,0.00187315
663.26208981,-0.00297987
663.49230911,0.00282543
663.72253791,-0.00125750
663.95277620,-0.00058424
664.18302398,-0.00116740
664.41328125,-0.00023765
664.64354799,0.00072060
664.87382421,0.00043588
665.10410990,-0.00270943
665.33440506,0.00259617
665.56470969,0.00186662
665.79502377,-0.00093875
666.02534730,-0.00156370
666.25568029,0.00115818
666.48602272,-0.00107044
666.71637459,0.00310224
666.94673590,0.00101926
667.17710664,0.00272093
667.40748681,-0.00304873
667.63787640,0.00235187
667.86827541,-0.00181339
668.09868384,-0.00044484
668.32910168,-0.00225766
668.55952892,0.00024837
668.78996557,-0.00098054
669.02041161,0.00347133
669.25086705,0.00138602
669.48133188,-0.00100099
669.71180609,0.00066507
669.94228968,0.00128305
670.17278265,-0.00225682
670.40328499,-0.00093813
670.63379670,-0.00200105
670.86431777,0.00403211
671.09484820,-0.00438202
671.32538799,0.00093580
671.55593712,-0.00268839
671.78649560,0.00117874
672.01706342,0.00180521
672.24764058,0.00212350
672.47822707,0.00262285
672.70882290,-0.00392367
672.93942804,-0.00057005
673.17004250,0.00078992
673.40066628,-0.00041836
673.63129938,0.00211648
673.86194177,-0.00065331
674.09259347,0.00410215
674.32325447,-0.00198017
674.55392477,0.00126352
674.78460435,0.00001243
675.01529321,0.00335265
675.24599136,-0.00168882
675.47669879,0.00459648
675.70741548,-0.00092587
675.93814145,0.00162369
676.16887668,-0.00170945
676.39962116,-0.00054971
676.63037491,-0.00092438
676.86113790,0.00087359
677.09191014,0.00172712
677.32269162,0.00115846
677.55348234,-0.00100775
677.78428229,0.00068622
678.01509147,-0.00102189
678.24590987,-0.00100789
678.47673750,0.00017964
678.70757434,0.00110265
678.93842039,0.00160274
679.16927565,-0.00132049
679.40014011,-0.00007010
679.63101377,-0.00035593
679.86189663,-0.00004281
680.09278867,0.00115898
680.32368990,-0.00115306
680.55460031,0.00070704
680.78551990,-0.00100132
681.01644866,0.00234580
681.24738659,-0.00348681
681.47833368,-0.00006389
681.70928994,-0.00083476
681.94025534,0.00024219
682.17122990,-0.00286154
682.40221361,0.00218592
682.63320646,-0.00272956
682.86420844,-0.00292385
683.09521956,0.00105440
683.32623981,0.00037273
683.55726918,-0.00020994
683.78830767,0.00076157
684.01935528,-0.00050858
684.25041200,0.00333118
684.48147783,-0.00270906
684.71255276,0.00167922
684.94363679,-0.00148663
685.17472992,-0.00033518
685.40583213,-0.00108452
685.63694344,0.00090851
685.86806382,-0.00379940
686.09919328,0.00314391
686.33033181,0.00118574
686.56147941,0.00326195
686.79263608,-0.00059199
687.02380180,-0.00018869
687.25497659,-0.00350082
687.48616042,0.00309613
687.71735330,-0.00123566
687.94855522,0.00006125
688.17976618,-0.00406303
688.41098617,0.00230389
688.64221520,-0.00086280
688.87345324,0.00131119
689.10470031,-0.00023047
689.33595640,0.00280248
689.56722150,-0.00152762
689.79849560,-0.00056410
690.02977871,0.00033176
690.26107082,0.00061677
690.49237193,-0.00019444
690.72368202,-0.00070907
690.95500110,0.00320626
691.18632916,-0.00144567
691.41766620,0.00258145
691.64901222,-0.00195914
691.88036720,0.00153304
692.11173114,-0.00288347
692.34310405,0.00022789
692.57448591,-0.00179247
692.80587673,0.00430429
693.03727649,-0.00275769
693.26868519,0.00376860
693.50010283,0.00093583
693.73152941,0.00324089
693.96296492,-0.00481960
694.19440935,0.00166486
694.42586270,-0.00047990
694.65732498,0.00097185
694.88879616,-0.00209074
695.12027625,0.00081069
695.35176524,-0.00348023
695.58326314,0.00388633
695.81476993,-0.00132039
696.04628561,0.00020733
696.27781018,-0.00018845
696.50934363,0.00451298
696.74088595,0.00038773
696.97243716,-0.00029224
697.20399723,-0.00000131
697.43556616,0.00101263
697.66714396,-0.00073705
697.89873061,0.00024875
698.13032611,0.00068618
698.36193046,0.00353283
698.59354366,0.00140855
698.82516569,0.00031136
699.05679656,-0.00062601
699.28843626,0.00005367
699.52008478,-0.00075812
699.75174213,0.00104009
699.98340829,-0.00041807
700.21508327,0.00003314
700.44676705,-0.00359109
700.67845964,0.00033210
700.91016103,0.00012344
701.14187121,0.00176237
701.37359019,-0.00177995
701.60531795,0.00243562
701.83705450,0.00066502
702.06879982,0.00107518
702.30055392,-0.00036194
702.53231678,-0.00043891
702.76408841,-0.00116765
702.99586881,0.00215775
703.22765796,-0.00084089
703.45945586,-0.00077220
703.69126251,-0.00154264
703.92307790,0.00086619
704.15490203,0.00276158
704.38673490,0.00272721
704.61857650,0.00026916
704.85042682,0.00357442
705.08228587,-0.00192457
705.31415363,0.00245651
705.54603011,-0.00123000
705.77791529,0.00242898
706.00980918,-0.00227770
706.24171178,0.00156061
706.47362306,-0.00256366
706.70554304,0.00180376
706.93747171,0.00009550
707.16940905,0.00385180
707.40135508,0.00304012
707.63330978,0.00330361
707.86527315,-0.00359030
708.09724519,0.00022805
708.32922589,-0.00183450
708.56121524,0.00228343
708.79321325,-0.00171611
709.02521990,0.00097800
709.25723520,-0.00135536
709.48925914,-0.00190293
709.72129172,-0.00015392
709.95333292,-0.00025157
710.18538275,-0.00335434
710.41744121,0.00051301
710.64950828,0.00215779
710.88158397,0.00099852
711.11366826,-0.00075118
711.34576116,0.00122027
711.57786266,-0.00334035
711.80997276,0.00122772
712.04209145,0.00126929
712.27421872,0.00130357
712.50635458,-0.00013454
712.73849902,0.00349825
712.97065203,0.00006093
713.20281362,0.00292968
713.43498377,-0.00311186
713.66716248,0.00210251
713.89934974,0.00041536
714.13154557,0.00080439
714.36374994,0.00317868
714.59596285,-0.00066784
714.82818430,0.00043631
715.06041429,0.00015891
715.29265281,-0.00184090
715.52489986,-0.00039707
715.75715543,-0.00137658
715.98941952,0.00024201
716.22169212,-0.00277819
716.45397323,0.00151877
716.68626285,-0.00177173
716.91856097,0.00251273
717.15086758,-0.00019541
717.38318269,0.00322702
717.61550629,-0.00389682
717.84783837,0.00272045
718.08017892,0.00209501
718.31252796,-0.00202175
718.54488546,-0.00112625
718.77725143,-0.00092411
719.00962586,0.00172084
719.24200875,0.00278974
719.47440009,-0.00018941
719.70679988,0.00413645
719.93920812,0.00084634
720.17162480,0.00072741
720.40404991,0.00072732
720.63648345,0.00086660
720.86892543,0.00149160
721.10137582,0.00399796
721.33383463,0.00091546
721.56630186,-0.00238252
721.79877750,0.00026202
722.03126154,0.00291419
722.26375398,0.00285209
722.49625482,0.00292896
722.72876406,0.00101168
722.96128168,-0.00123041
723.19380769,-0.00198023
723.42634207,-0.00102820
723.65888483,-0.00077828
723.89143596,0.00249833
724.12399546,0.00281067
724.35656332,0.00144896
724.58913954,-0.00150718
724.82172411,0.00293602
725.05431704,-0.00027204
725.28691830,-0.00023700
725.51952791,-0.00032183
725.75214585,0.00387290
725.98477213,-0.00352167
726.21740673,0.00480380
726.45004966,-0.00173731
726.68270090,0.00133204
726.91536046,0.00097796
727.14802833,0.00501171
727.38070451,0.00274132
727.61338899,0.00054021
727.84608176,-0.00308409
728.07878283,-0.00334039
728.31149219,0.00113826
728.54420983,0.00039408
728.77693575,-0.00177191
729.00966995,-0.00067507
729.24241241,-0.00040484
729.47516315,0.00147745
729.70792215,0.00249821
729.94068940,0.00184550
730.17346491,-0.00027831
730.40624867,0.00095713
730.63904068,0.00172747
730.87184092,-0.00077867
731.10464941,-0.00392449
731.33746612,-0.00360489
731.57029106,0.00010251
731.80312423,0.00132478
732.03596561,-0.00046721
732.26881522,0.00224790
732.50167303,-0.00173028
732.73453904,0.00184614
732.96741326,-0.00177968
733.20029568,-0.00045942
733.43318629,-0.00083461
733.66608509,0.00103412
733.89899208,0.00036670
734.13190724,-0.00106375
734.36483058,0.00122794
734.59776209,0.00065887
734.83070177,-0.00163210
735.06364961,0.00179026
735.29660562,-0.00139739
735.52956977,0.00421925
735.76254208,-0.00163247
735.99552253,0.00122783
736.22851112,-0.00039684
736.46150785,-0.00209115
736.69451271,0.00011616
736.92752570,-0.00000119
737.16054682,-0.00150139
737.39357605,0.00230315
737.62661340,-0.00132055
737.85965886,0.00172741
738.09271243,0.00101953
738.32577410,0.00113780
738.55884386,-0.00390323
738.79192173,-0.00004327
739.02500768,-0.00166791
739.25810171,0.00332483
739.49120383,0.00176237
739.72431402,0.00462248
739.95743228,-0.00291778
740.19055862,-0.00050870
740.42369301,0.00024187
740.65683547,0.00241429
740.88998597,0.00174830
741.12314453,0.00271972
741.35631114,-0.00056979
741.58948579,-0.00025109
741.82266847,0.00024826
742.05585919,0.00124176
742.28905793,-0.00442364
742.52226470,0.00218573
742.75547949,-0.00170916
742.98870230,0.00188720
743.22193312,-0.00073766
743.45517194,-0.00064677
743.68841877,-0.00358410
743.92167359,0.00028421
744.15493641,-0.00236134
744.38820722,0.00176928
744.62148602,-0.00497923
744.85477279,0.00017904
745.08806754,0.00051220
745.32137027,0.00074822
745.55468096,-0.00206347
745.78799962,0.00059544
746.02132623,0.00015735
746.25466080,0.00047765
746.48800333,-0.00304227
746.72135379,-0.00211212
746.95471220,-0.00234167
747.18807855,0.00089398
747.42145283,-0.00143887
747.65483504,0.00036747
747.88822517,-0.00171672
748.12162323,0.00001942
748.35502920,-0.00087625
748.58844308,0.00274083
748.82186487,-0.00138236
749.05529456,-0.00108444
749.28873216,0.00072776
749.52217764,0.00099175
749.75563102,0.00022076
749.98909228,0.00424754
750.22256142,-0.00064683
750.45603844,0.00222150
750.68952333,0.00016507
750.92301609,-0.00202168
751.15651672,0.00357479
751.39002520,-0.00244590
751.62354154,0.00326887
751.85706574,-0.00004335
752.09059777,-0.00165304
752.32413765,0.00207434
752.55768537,-0.00123032
752.79124092,-0.00123105
753.02480430,-0.00188316
753.25837551,0.00186674
753.49195454,0.00176912
753.72554138,-0.00148033
753.95913604,-0.00175751
754.19273850,-0.00190258
754.42634877,-0.00222961
754.65996683,-0.00098045
754.89359269,-0.00352808
755.12722634,0.00090863
755.36086778,0.00072772
755.59451700,-0.00120885
755.82817399,-0.00019564
756.06183876,0.00069911
756.29551130,0.00262265
756.52919160,-0.00275086
756.76287966,0.00117972
756.99657548,-0.00227878
757.23027905,0.00110257
757.46399036,0.00060285
757.69770942,0.00070022
757.93143622,-0.00140261
758.16517075,0.00341451
758.39891301,-0.00137565
758.63266300,0.00069989
758.86642070,0.00228324
759.10018613,0.00199765
759.33395926,0.00216517
759.56774011,-0.00117420
759.80152866,0.00184609
760.03532490,-0.00043870
760.26912885,-0.00460511
760.50294048,0.00153367
760.73675980,-0.00275801
760.97058680,-0.00162636
761.20442148,-0.00002192
761.43826383,0.00109578
761.67211385,0.00094923
761.90597154,0.00245599
762.13983689,-0.00235498
762.37370989,0.00105485
762.60759054,-0.00100788
762.84147885,-0.00177239
763.07537479,-0.00106315
763.30927837,0.00286611
763.54318959,-0.00005014
763.77710844,0.00258155
764.01103492,-0.00429215
764.24496901,-0.00059105
764.47891072,-0.00490336
764.71286005,0.00222750
764.94681698,-0.00183463
765.18078152,0.00090908
765.41475366,-0.00275658
765.64873339,-0.00318856
765.88272071,-0.00185566
766.11671562,0.00173981
766.35071812,-0.00367635
766.58472819,-0.00304225
766.81874583,-0.00150049
767.05277105,0.00101306
767.28680383,-0.00096507
767.52084417,-0.00075107
767.75489206,-0.00135534
767.98894751,0.00534576
768.22301051,-0.00096578
768.45708105,0.00414361
768.69115912,-0.00185486
768.92524474,0.00215895
769.15933788,-0.00359164
769.39343855,0.00037314
769.62754674,-0.00218825
769.86166245,0.00113834
770.09578567,0.00022023
770.32991640,0.00151856
770.56405464,-0.00314656
770.79820037,0.00051315
771.03235360,0.00090937
771.26651433,-0.00018922
771.50068254,-0.00066804
771.73485823,0.00540809
771.96904140,-0.00048689
772.20323204,0.00224791
772.43743016,-0.00008451
772.67163574,-0.00021603
772.90584878,-0.00315417
773.14006928,0.00070625
773.37429723,-0.00023071
773.60853263,0.00213768
773.84277547,0.00153365
774.07702575,0.00256040
774.31128346,-0.00070925
774.54554861,0.00030435
774.77982119,-0.00296628
775.01410118,0.00212306
775.24838859,0.00081084
775.48268342,0.00272080
775.71698566,0.00013757
775.95129530,-0.00023072
776.18561234,0.00091540
776.41993678,0.00047163
776.65426861,-0.00186222
776.88860782,-0.00066853
777.12295442,-0.00202211
777.35730840,0.00478320
777.59166975,-0.00171600
777.82603847,0.00164436
778.06041456,-0.00229228
778.29479801,0.00011760
778.52918882,-0.00188330
778.76358698,0.00168562
778.99799249,-0.00364676
779.23240534,0.00101298
779.46682553,-0.00067447
779.70125306,-0.00120991
779.93568792,-0.00185521
780.17013010,0.00297133
780.40457961,-0.00052934
780.63903644,0.00206053
780.87350058,0.00062340
781.10797203,0.00059636
781.34245078,0.00076248
781.57693683,0.00376884
781.81143019,-0.00300141
782.04593083,0.00069986
782.28043876,-0.00111363
782.51495398,0.00024844
782.74947647,-0.00200103
782.98400624,0.00170045
783.21854328,-0.00109125
783.45308758,-0.00123059
783.68763915,-0.00220922
783.92219797,0.00207526
784.15676405,-0.00009068
784.39133738,0.00118560
784.62591795,-0.00135540
784.86050576,0.00184641
785.09510080,0.00032484
785.32970308,0.00341455
785.56431259,-0.00285544
785.79892932,0.00113780
786.03355326,-0.00029927
786.26818442,-0.00193878
786.50282279,-0.00068888
786.73746837,-0.00150769
786.97212114,0.00294918
787.20678112,0.00143559
787.44144828,-0.00133474
787.67612264,0.00051287
787.91080418,0.00038771
788.14549289,0.00203947
788.38018879,-0.00431309
788.61489185,0.00236691
788.84960208,-0.00234118
789.08431947,0.00285208
789.31904402,-0.00218859
789.55377572,0.00305322
789.78851458,-0.00096527
790.02326057,0.00095634
790.25801371,0.00153974
790.49277398,0.00111638
790.72754139,0.00017907
790.96231592,-0.00123020
791.19709758,-0.00150098
791.43188635,0.00151275
791.66668224,-0.00192460
791.90148524,0.00268548
792.13629535,-0.00114750
792.37111255,-0.00196610
792.60593686,-0.00040390
792.84076825,-0.00058510
793.07560674,-0.00041843
793.31045231,0.00336631
793.54530496,-0.00057149
793.78016468,-0.00041792
794.01503147,-0.00027225
794.24990534,-0.00054887
794.48478626,-0.00013268
794.71967424,0.00054011
794.95456928,-0.00250077
795.18947137,0.00061691
795.42438050,-0.00071580
795.65929667,0.00376825
795.89421988,-0.00023054
796.12915012,0.00503301
796.36408739,-0.00379874
796.59903168,-0.00123031
796.83398299,-0.00268886
797.06894132,0.00030445
797.30390665,-0.00034122
797.53887900,0.00128984
797.77385834,0.00381061
798.00884468,0.00190797
798.24383802,-0.00011300
798.47883834,0.00241451
798.71384565,0.00156101
798.94885994,0.00136767
799.18388120,-0.00240267
799.41890944,-0.00045986
799.65394464,-0.00381313
799.88898681,0.00126291
800.12403593,-0.00111119
800.35909201,-0.00039763
800.59415504,-0.00258438
800.82922501,0.00043022
801.06430192,-0.00088357
801.29938578,0.00049857
801.53447656,-0.00120950
801.76957427,0.00176301
802.00467891,-0.00186242
802.23979046,0.00022790
802.47490893,-0.00352193
802.71003432,0.00067983
802.94516660,0.00078364
803.18030579,0.00151880
803.41545188,-0.00020954
803.65060486,0.00336613
803.88576473,-0.00079942
804.12093149,0.00228979
804.35610512,0.00126853
804.59128564,-0.00142392
804.82647302,0.00013811
805.06166727,0.00141483
805.29686839,-0.00039670
805.53207636,0.00022022
805.76729119,-0.00350762
806.00251286,0.00028978
806.23774139,0.00103994
806.47297675,-0.00086232
806.70821896,-0.00513260
806.94346799,-0.00139722
807.17872385,0.00029050
807.41398654,0.00022109
807.64925605,0.00047039
807.88453237,-0.00018956
808.11981551,-0.00145961
808.35510545,0.00232533
808.59040219,-0.00311205
808.82570573,0.00303924
809.06101607,-0.00064751
809.29633320,0.00336601
809.53165711,-0.00167498
809.76698780,-0.00014751
810.00232527,-0.00237609
810.23766951,-0.00000749
810.47302051,-0.00042432
810.70837828,-0.00104331
810.94374281,0.00015902
811.17911410,-0.00159084
811.41449214,0.00212284
811.64987692,-0.00166787
811.88526844,0.00413819
812.12066670,0.00070002
812.35607170,-0.00004298
812.59148342,-0.00050129
812.82690187,0.00038833
813.06232704,-0.00255036
813.29775892,0.00266433
813.53319752,-0.00243884
813.76864282,0.00205396
814.00409482,-0.00132007
814.23955353,-0.00039672
814.47501893,0.00049859
814.71049101,0.00422043
814.94596979,-0.00086233
815.18145524,0.00068599
815.41694737,-0.00468802
815.65244618,0.00040881
815.88795165,-0.00456923
816.12346379,0.00399785
816.35898258,-0.00079298
816.59450803,-0.00106947
816.83004013,-0.00007212
817.06557888,0.00264376
817.30112427,-0.00025162
817.53667630,0.00136674
817.77223496,-0.00167456
818.00780025,0.00156049
818.24337217,-0.00116778
818.47895071,0.00047301
818.71453586,-0.00067427
818.95012762,0.00047749
819.18572599,-0.00245964
819.42133097,0.00345037
819.65694254,-0.00205068
819.89256071,0.00258104
820.12818547,-0.00018875
820.36381681,0.00015901
820.59945474,-0.00061202
820.83509924,0.00137305
821.07075032,-0.00200138
821.30640796,0.00122168
821.54207217,-0.00273683
821.77774294,-0.00262638
822.01342027,0.00081106
822.24910414,0.00186608
822.48479456,0.00192955
822.72049153,0.00222691
822.95619503,0.00110261
823.19190507,0.00286625
823.42762164,-0.00002824
823.66334473,-0.00073056
823.89907434,0.00064408
824.13481047,-0.00113334
824.37055311,-0.00227925
824.60630226,0.00068559
824.84205791,-0.00066815
825.07782006,0.00342994
825.31358871,-0.00359086
825.54936385,0.00064434
825.78514547,0.00226879
826.02093358,-0.00098553
826.25672816,0.00088782
826.49252922,0.00216471
826.72833674,-0.00029375
826.96415073,0.00280472
827.19997118,-0.00273701
827.43579809,0.00026930
827.67163144,-0.00014745
827.90747125,0.00163799
828.14331749,-0.00219579
828.37917018,0.00204023
828.61502930,0.00035215
828.85089485,0.00020057
829.08676683,-0.00052891
829.32264522,0.00028979
829.55853004,0.00078991
829.79442126,-0.00054921
830.03031890,0.00049273
830.26622294,0.00147707
830.50213337,0.00112301
830.73805021,0.00297175
830.97397343,0.00038818
831.20990304,0.00443497
831.44583903,-0.00408386
831.68178140,0.00274201
831.91773015,-0.00113235
832.15368526,0.00535143
832.38964674,-0.00035530
832.62561458,0.00292839
832.86158877,-0.00161139
833.09756932,0.00295616
833.33355621,-0.00125113
833.56954945,0.00192909
833.80554903,-0.00069568
834.04155494,-0.00212622
834.27756718,0.00118548
834.51358575,0.00072126
834.74961064,0.00084659
834.98564184,0.00195616
835.22167936,-0.00027227
835.45772319,-0.00302760
835.69377332,0.00109399
835.92982975,0.00029028
836.16589248,-0.00000137
836.40196150,0.00138810
836.63803681,-0.00238268
836.87411839,0.00176883
837.11020626,0.00170662
837.34630040,0.00082583
837.58240081,-0.00167525
837.81850748,0.00243550
838.05462042,-0.00129295
838.29073961,-0.00204890
838.52686506,0.00149058
838.76299675,0.00229000
838.99913469,0.00151936
839.23527886,-0.00006992
839.47142927,-0.00202837
839.70758591,0.00368547
839.94374878,-0.00066753
840.17991787,0.00294914
840.41609318,0.00013726
840.65227470,0.00087337
840.88846242,-0.00162626
841.12465636,0.00217967
841.36085649,-0.00321601
841.59706282,0.00058135
841.83327534,-0.00043865
842.06949405,0.00009527
842.30571894,-0.00173641
842.54195001,0.00226955
842.77818726,0.00060253
843.01443067,-0.00046600
843.25068025,0.00013830
843.48693599,0.00058171
843.72319789,-0.00170943
843.95946594,0.00257527
844.19574014,-0.00106976
844.43202048,0.00137327
844.66830696,-0.00060592
844.90459958,0.00144986
845.14089833,-0.00579863
845.37720320,0.00397729
845.61351420,0.00206033
845.84983131,-0.00036283
846.08615454,-0.00157000
846.32248388,0.00087305
846.55881932,-0.00066868
846.79516087,0.00030376
847.03150851,-0.00288157
847.26786224,0.00181096
847.50422206,-0.00179264
847.74058796,0.00088771
847.97695994,0.00026238
848.21333800,0.00326851
848.44972212,-0.00029311
848.68611232,0.00267859
848.92250857,-0.00213262
849.15891088,0.00187267
849.39531925,-0.00345930
849.63173366,0.00169919
849.86815412,-0.00167388
850.10458061,0.00068575
850.34101314,-0.00252216
850.57745171,-0.00019460
850.81389630,-0.00077883
851.05034691,0.00306021
851.28680354,-0.00137707
851.52326619,-0.00227747
851.75973484,-0.00132054
851.99620950,-0.00260462
852.23269017,-0.00100181
852.46917682,0.00078361
852.70566947,-0.00288252
852.94216811,0.00287289
853.17867273,0.00095663
853.41518334,0.00024264
853.65169991,0.00301173
853.88822246,0.00233133
854.12475097,-0.00191811
854.36128545,-0.00140390
854.59782588,-0.00204858
854.83437226,-0.00002241
855.07092460,-0.00387545
855.30748288,-0.00052844
855.54404710,-0.00232026
855.78061725,0.00110222
856.01719334,0.00189407
856.25377535,0.00178306
856.49036329,-0.00084086
856.72695715,-0.00033519
856.96355692,-0.00085526
857.20016260,-0.00059125
857.43677418,-0.00013372
857.67339167,0.00160223
857.91001505,-0.00129275
858.14664433,-0.00044541
858.38327950,-0.00213254
858.61992054,-0.00018908
858.85656747,0.00353938
859.09322028,-0.00148655
859.32987895,0.00024249
859.56654349,0.00162303
859.80321390,-0.00168834
860.03989016,0.00113810
860.27657227,0.00013701
860.51326024,0.00199810
860.74995405,-0.00120969
860.98665370,0.00224142
861.22335918,0.00324153
861.46007050,0.00226874
861.69678765,-0.00408353
861.93351062,-0.00223651
862.17023941,0.00134571
862.40697401,-0.00058495
862.64371442,0.00095664
862.88046064,-0.00269546
863.11721266,-0.00219444
863.35397048,0.00160233
863.59073409,-0.00329253
863.82750349,0.00057571
864.06427868,-0.00071631
864.30105964,0.00224787
864.53784638,-0.00027246
864.77463889,0.00453308
865.01143717,-0.00009097
865.24824121,0.00106018
865.48505101,0.00018613
865.72186656,0.00409465
865.95868786,-0.00213353
866.19551491,0.00368530
866.43234770,0.00135171
866.66918623,0.00124120
866.90603048,0.00126314
867.14288047,0.00249802
867.37973618,-0.00241766
867.61659761,0.00076225
867.85346475,-0.00415379
868.09033760,-0.00021031
868.32721617,0.00072694
868.56410043,0.00149257
868.80099039,0.00228230
869.03788604,0.00364336
869.27478738,-0.00058447
869.51169441,-0.00456948
869.74860712,-0.00181905
869.98552550,0.00139408
870.22244956,-0.00033512
870.45937928,-0.00040328
870.69631467,-0.00115337
870.93325571,0.00218519
871.17020241,0.00097170
871.40715476,-0.00063320
871.64411275,0.00072728
871.88107639,0.00004028
872.11804566,-0.00206998
872.35502056,0.00068051
872.59200110,0.00472693
872.82898725,-0.00298023
873.06597903,0.00018059
873.30297642,-0.00165386
873.53997943,0.00208134
873.77698804,-0.00064744
874.01400225,-0.00040351
874.25102206,-0.00079959
874.48804746,0.00089413
874.72507846,-0.00039709
874.96211503,0.00361602
875.19915719,-0.00082016
875.43620493,-0.00002214
875.67325824,-0.00193853
875.91031711,-0.00121634
876.14738155,-0.00259031
876.38445155,0.00278933
876.62152710,-0.00375047
876.85860820,0.00286687
877.09569485,-0.00069556
877.33278704,0.00156081
877.56988477,-0.00168909
877.80698803,0.00286630
878.04409681,-0.00046581
878.28121113,0.00178977
878.51833096,-0.00110535
878.75545631,0.00476206
878.99258717,-0.00215429
879.22972354,-0.00012665
879.46686541,-0.00029318
879.70401278,0.00059574
879.94116564,-0.00159121
880.17832399,0.00039365
880.41548783,0.00158157
880.65265715,0.00009572
880.88983194,-0.00142463
881.12701221,0.00053971
881.36419794,-0.00295909
881.60138914,0.00028324
881.83858580,0.00159562
882.07578791,0.00179004
882.31299548,-0.00235525
882.55020849,0.00099071
882.78742694,0.00042929
883.02465083,-0.00229272
883.26188016,-0.00164743
883.49911491,0.00376194
883.73635509,-0.00194552
883.97360068,0.00374762
884.21085170,-0.00293867
884.44810812,0.00297033
884.68536995,-0.00052905
884.92263719,0.00231028
885.15990982,-0.00456347
885.39718785,-0.00190424
885.63447127,-0.00117422
885.87176008,0.00264375
886.10905426,0.00193539
886.34635382,0.00113714
886.58365876,0.00313776
886.82096906,0.00172715
887.05828473,-0.00008471
887.29560576,-0.00061305
887.53293214,-0.00386177
887.77026388,0.00122724
888.00760096,0.00060259
888.24494338,0.00103388
888.48229114,0.00055457
888.71964423,0.00093547
888.95700266,0.00049834
889.19436641,0.00019939
889.43173548,-0.00236295
889.66910986,-0.00254306
889.90648956,-0.00062591
890.14387457,0.00369966
890.38126488,0.00207467
890.61866049,-0.00135517
890.85606139,-0.00079276
891.09346758,0.00153264
891.33087906,-0.00177963
891.56829582,0.00299742
891.80571786,-0.00233446
892.04314517,0.00172028
892.28057775,-0.00146627
892.51801560,0.00153981
892.75545870,0.00297697
892.99290706,0.00194929
893.23036067,0.00103315
893.46781953,0.00058217
893.70528363,0.00272744
893.94275297,-0.00023718
894.18022755,0.00378244
894.41770735,-0.00148031
894.65519238,-0.00193873
894.89268263,0.00526092
895.13017810,-0.00161221
895.36767878,0.00164410
895.60518466,-0.00435512
895.84269575,-0.00329863
896.08021204,-0.00219570
896.31773353,0.00274769
896.55526020,-0.00468766
896.79279207,0.00078300
897.03032911,0.00380423
897.26787133,0.00399756
897.50541873,0.00039395
897.74297129,0.00180431
897.98052902,-0.00123786
898.21809191,0.00043559
898.45565996,-0.00093884
898.69323316,0.00413628
898.93081150,-0.00234092
899.16839499,-0.00181325
899.40598362,0.00068581
899.64357738,0.00040863
899.88117627,-0.00073784
900.11878028,0.00112308
900.35638942,-0.00131387
900.59400368,0.00236545
900.83162305,-0.00084117
901.06924752,0.00128962
901.30687710,-0.00127190
901.54451178,0.00070147
901.78215156,-0.00294459
902.01979642,0.00345618
902.25744638,-0.00137630
902.49510141,0.00338783
902.73276153,0.00296999
902.97042671,0.00231081
903.20809697,-0.00106342
903.44577229,-0.00140390
903.68345268,-0.00257070
903.92113812,-0.00364687
904.15882861,-0.00185521
904.39652415,0.00313697
904.63422473,0.00061664
904.87193035,0.00176899
905.10964101,-0.00129307
905.34735669,-0.00106993
905.58507740,-0.00117595
905.82280314,0.00095645
906.06053389,-0.00412588
906.29826966,0.00080369
906.53601043,0.00019944
906.77375621,0.00174789
907.01150698,0.00016537
907.24926276,0.00180324
907.48702352,0.00142954
907.72478928,0.00145595
907.96256001,0.00031130
908.20033572,0.00015839
908.43811641,0.00003325
908.67590207,-0.00043890
908.91369269,-0.00145991
909.15148827,0.00136668
909.38928882,-0.00263260
909.62709431,0.00124819
909.86490475,-0.00158499
910.10272013,-0.00102776
910.34054046,-0.00269595
910.57836572,0.00478893
910.81619591,-0.00256309
911.05403102,0.00561619
911.29187106,0.00228247
911.52971602,0.00056062
911.76756589,-0.00102225
912.00542067,-0.00023740
912.24328035,-0.00232015
912.48114493,-0.00070957
912.71901441,-0.00175128
912.95688879,0.00432361
913.19476804,0.00030379
913.43265219,0.00133097
913.67054121,-0.00141766
913.90843510,0.00040961
914.14633387,-0.00288337
914.38423750,0.00116543
914.62214599,-0.00008475
914.86005934,-0.00313218
915.09797754,0.00303314
915.33590060,0.00043622
915.57382849,-0.00291785
915.81176123,0.00145008
916.04969880,-0.00138288
916.28764120,0.00243531
916.52558843,-0.00098001
916.76354048,0.00209550
917.00149734,0.00045037
917.23945903,0.00054007
917.47742552,-0.00141789
917.71539682,0.00509490
917.95337291,0.00111638
918.19135381,-0.00291800
918.42933949,0.00126918
918.66732997,0.00220022
918.90532522,0.00105429
919.14332526,-0.00170961
919.38133007,-0.00093880
919.61933965,0.00459503
919.85735400,-0.00142490
920.09537311,0.00320642
920.33339698,-0.00112705
920.57142560,0.00390758
920.80945897,-0.00473518
921.04749708,0.00197686
921.28553993,-0.00068858
921.52358752,0.00655364
921.76163984,-0.00171511
921.99969689,0.00418499
922.23775866,-0.00160482
922.47582515,-0.00034098
922.71389636,0.00086686
922.95197227,0.00201876
923.19005289,-0.00158411
923.42813821,0.00238666
923.66622822,-0.00140366
923.90432293,-0.00002274
924.14242233,-0.00175101
924.38052641,0.00272046
924.61863517,-0.00032133
924.85674860,0.00301809
925.09486671,-0.00225151
925.33298948,-0.00119554
925.57111692,0.00309641
925.80924901,-0.00050167
926.04738575,0.00060287
926.28552715,0.00301337
926.52367319,-0.00046611
926.76182387,0.00043579
926.99997919,-0.00150103
927.23813913,0.00093025
927.47630371,-0.00013393
927.71447291,0.00253905
927.95264673,0.00110248
928.19082516,-0.00119518
928.42900820,-0.00131991
928.66719585,0.00189398
928.90538810,-0.00037645
929.14358494,0.00103266
929.38178638,-0.00246562
929.61999241,-0.00262601
929.85820302,-0.00258479
930.09641821,0.00205389
930.33463798,-0.00269483
930.57286232,0.00693497
930.81109122,-0.00012654
931.04932469,0.00217887
931.28756272,-0.00202890
931.52580529,-0.00006440
931.76405242,-0.00387601
932.00230410,-0.00069457
932.24056031,0.00126889
932.47882106,0.00058165
932.71708635,0.00199212
932.95535616,0.00136716
933.19363049,0.00064380
933.43190935,-0.00023064
933.67019272,0.00367904
933.90848059,-0.00046516
934.14677298,0.00097700
934.38506987,0.00097714
934.62337125,0.00282501
934.86167713,-0.00286046
935.09998749,0.00139385
935.33830235,-0.00200181
935.57662168,0.00174302
935.81494548,-0.00211075
936.05327376,-0.00033488
936.29160651,-0.00073092
936.52994372,0.00222154
936.76828538,-0.00323498
937.00663150,0.00024791
937.24498207,-0.00029302
937.48333709,-0.00100668
937.72169655,0.00170101
937.96006044,-0.00185555
938.19842877,-0.00066859
938.43680152,0.00159779
938.67517870,-0.00231861
938.91356030,0.00230993
939.15194631,-0.00137642
939.39033674,0.00238848
939.62873157,0.00097203
939.86713080,0.00087345
940.10553443,-0.00220968
940.34394245,0.00255574
940.58235487,0.00040880
940.82077167,0.00176920
941.05919284,0.00114384
941.29761840,0.00034758
941.53604833,-0.00215217
941.77448262,0.00137263
942.01292128,-0.00179304
942.25136429,0.00434648
942.48981166,0.00234576
942.72826338,-0.00223058
942.96671945,-0.00002302
943.20517986,0.00409567
943.44364460,-0.00371549
943.68211368,0.00343546
943.92058709,0.00151857
944.15906482,0.00276352
944.39754687,0.00049230
944.63603323,0.00318533
944.87452391,0.00149779
945.11301889,-0.00054864
945.35151818,-0.00321469
945.59002177,0.00189363
945.82852964,0.00241426
946.06704181,0.00047160
946.30555827,-0.00300651
946.54407900,0.00243531
946.78260401,0.00026854
947.02113329,0.00301337
947.25966684,-0.00056945
947.49820466,0.00689262
947.73674673,0.00333132
947.97529306,0.00178348
948.21384364,-0.00279876
948.45239846,0.00291447
948.69095753,0.00153935
948.92952083,-0.00057020
949.16808837,0.00090925
949.40666013,0.00014438
949.64523612,-0.00037702
949.88381633,0.00132493
950.12240076,-0.00038251
950.36098940,0.00339339
950.59958224,-0.00302165
950.83817929,0.00107580
951.07678054,0.00170104
951.31538598,-0.00110531
951.55399561,-0.00181369
951.79260943,-0.00013198
952.03122742,-0.00383953
952.26984960,-0.00085604
952.50847594,0.00010230
952.74710646,-0.00115237
952.98574114,0.00149300
953.22437998,-0.00010595
953.46302297,-0.00156365
953.70167011,0.00182653
953.94032140,0.00063872
954.17897684,-0.00004380
954.41763641,-0.00383398
954.65630011,0.00247192
954.89496795,0.00182435
955.13363990,0.00035277
955.37231598,0.00139329
955.61099618,-0.00027842
955.84968049,-0.00146513
956.08836890,-0.00081378
956.32706142,-0.00273058
956.56575803,0.00486598
956.80445875,0.00111771
957.04316355,-0.00062591
957.28187243,0.00118498
957.52058540,0.00088905
957.75930245,-0.00298627
957.99802357,0.00145601
958.23674875,-0.00052216
958.47547801,0.00253380
958.71421132,-0.00350642
958.95294868,-0.00048086
959.19169010,0.00143505
959.43043557,0.00026404
959.66918507,-0.00094395
959.90793862,0.00104034
960.14669620,-0.00289650
960.38545781,-0.00094368
960.62422344,-0.00019451
960.86299310,0.00001928
961.10176677,-0.00193907
961.34054445,-0.00023755
961.57932614,-0.00254774
961.81811184,0.00068533
962.05690153,-0.00056417
962.29569522,-0.00094543
962.53449290,-0.00156985
962.77329457,0.00160173
963.01210022,-0.00218879
963.25090984,0.00420031
963.48972344,-0.00375654
963.72854101,0.00301864
963.96736254,-0.00283464
964.20618803,0.00242981
964.44501748,-0.00252757
964.68385088,0.00128995
964.92268823,-0.00133554
965.16152952,-0.00042349
965.40037475,-0.00121518
965.63922391,0.00170591
965.87807700,-0.00043931
966.11693402,0.00034771
966.35579496,0.00065894
966.59465982,0.00520565
966.83352858,-0.00041748
967.07240126,0.00503387
967.31127784,-0.00208973
967.55015832,-0.00210512
967.78904270,0.00110146
968.02793096,0.00128549
968.26682312,0.00113851
968.50571915,0.00124783
968.74461907,-0.00143896
968.98352285,0.00018031
969.22243051,-0.00034011
969.46134203,-0.00043898
969.70025741,-0.00027269
969.93917665,0.00057542
970.17809974,-0.00069437
970.41702667,0.00101871
970.65595746,-0.00033523
970.89489207,0.00257652
971.13383053,-0.00392208
971.37277281,0.00260254
971.61171892,-0.00035600
971.85066885,0.00107647
972.08962260,-0.00350655
972.32858016,0.00189350
972.56754153,-0.00166821
972.80650671,0.00028450
973.04547568,-0.00075693
973.28444845,0.00139400
973.52342501,-0.00187691
973.76240536,0.00065931
974.00138949,0.00013840
974.24037740,-0.00077250
974.47936908,-0.00000221
974.71836454,0.00097248
974.95736375,-0.00121506
975.19636673,0.00041444
975.43537347,-0.00091809
975.67438395,0.00109616
975.91339819,-0.00311031
976.15241617,0.00387293
976.39143789,-0.00175175
976.63046334,0.00120084
976.86949252,-0.00086106
977.10852543,0.00374734
977.34756206,0.00158099
977.58660241,0.00240868
977.82564647,0.00003484
978.06469425,0.00233147
978.30374572,-0.00147990
978.54280090,-0.00006906
978.78185977,0.00030570
979.02092233,0.00393546
979.25998858,-0.00370957
979.49905852,-0.00402660
979.73813213,-0.00238180
979.97720942,0.00220629
980.21629037,0.00064394
980.45537500,-0.00011083
980.69446328,0.00099297
980.93355522,0.00053967
981.17265081,-0.00079334
981.41175005,0.00288857
981.65085294,-0.00198516
981.88995946,0.00047797
982.12906962,-0.00100219
982.36818341,0.00174282
982.60730083,-0.00181948
982.84642187,-0.00118918
983.08554653,-0.00106445
983.32467480,0.00134683
983.56380668,0.00084682
983.80294216,0.00112286
984.04208125,0.00197699
984.28122393,0.00268011
984.52037021,-0.00317337
984.75952007,-0.00108481
984.99867351,-0.00085571
985.23783054,-0.00004840
985.47699114,-0.00402707
985.71615530,0.00164363
985.95532304,-0.00087650
986.19449434,-0.00023525
986.43366919,-0.00315276
986.67284760,-0.00302189
986.91202955,-0.00193869
987.15121505,0.00103485
987.39040409,-0.00029847
987.62959666,0.00176887
987.86879277,-0.00318885
988.10799240,0.00336754
988.34719556,0.00132640
988.58640223,-0.00012687
988.82561242,-0.00262665
989.06482612,-0.00117292
989.30404332,-0.00473605
989.54326403,-0.00070977
989.78248823,0.00051841
990.02171592,-0.00181959
990.26094710,-0.00371420
990.50018176,0.00289322
990.73941991,-0.00081491
990.97866153,0.00015998
991.21790661,-0.00202777
991.45715517,0.00181027
991.69640719,-0.00093882
991.93566266,0.00072185
992.17492159,-0.00240123
992.41418397,0.00218547
992.65344979,-0.00066850
992.89271905,0.00001542
993.13199175,0.00137336
993.37126788,-0.00241806
993.61054743,-0.00196400
993.84983041,-0.00248609
994.08911681,0.00293511
994.32840663,0.00064362
994.56769985,0.00207563
994.80699648,-0.00388116
995.04629651,-0.00098088
995.28559993,0.00108108
995.52490675,0.00213837
995.76421696,-0.00136034
996.00353055,0.00249783
996.24284752,-0.00066836
996.48216787,0.00136817
996.72149158,-0.00196527
996.96081867,0.00356000
997.20014911,-0.00016841
997.43948292,0.00222156
997.67882008,-0.00381809
997.91816058,0.00126878
998.15750443,-0.00108546
998.39685163,0.00168115
998.63620216,-0.00096474
998.87555602,0.00206053
999.11491321,-0.00283514
999.35427372,-0.00023569
999.59363755,-0.00113142
999.83300469,-0.00195972
1000.07237515,-0.00027285
1000.31174891,0.00430475
1000.55112597,0.00538745
1000.79050633,0.00012326
1001.02988999,-0.00393887
1001.26927693,0.00015936
1001.50866716,-0.00081986
1001.74806066,0.00128962
1001.98745745,0.00122685
1002.22685750,0.00040985
1002.46626082,-0.00194402
1002.70566740,0.00324797
1002.94507724,-0.00335513
1003.18449034,0.00134766
1003.42390668,0.00143015
1003.66332627,0.00216440
1003.90274910,0.00145627
1004.14217517,-0.00190290
1004.38160447,-0.00104751
1004.62103700,-0.00127212
1004.86047275,-0.00227279
1005.09991172,0.00124271
1005.33935391,-0.00113175
1005.57879931,0.00143568
1005.81824791,-0.00158505
1006.05769971,0.00207649
1006.29715472,-0.00636014
1006.53661291,0.00187290
1006.77607430,-0.00193882
1007.01553887,0.00215949
1007.25500662,0.00059746
1007.49447754,0.00293574
1007.73395164,0.00010211
1007.97342891,0.00297139
1008.21290933,-0.00175734
1008.45239292,0.00104034
1008.69187966,0.00151878
1008.93136955,0.00115970
1009.17086259,0.00153485
1009.41035877,-0.00114733
1009.64985808,-0.00108452
1009.88936053,0.00188910
1010.12886610,0.00149232
1010.36837480,-0.00133501
1010.60788662,-0.00214787
1010.84740156,0.00295024
1011.08691960,-0.00081950
1011.32644075,-0.00091833
1011.56596501,0.00168561
1011.80549236,0.00059738
1012.04502281,-0.00054826
1012.28455634,0.00066462
1012.52409296,0.00085177
1012.76363267,0.00128409
1013.00317544,-0.00196467
1013.24272129,0.00066452
1013.48227021,-0.00085594
1013.72182219,0.00368000
1013.96137723,-0.00129796
1014.20093532,0.00283139
1014.44049647,0.00074819
1014.68006066,0.00062459
1014.91962789,-0.00172939
1015.15919816,0.00027071
1015.39877146,0.00214526
1015.63834780,0.00027058
1015.87792715,-0.00141687
