197.23885965,-0.00223460
197.43862182,-0.00274169
197.63840280,-0.00113824
197.83820260,0.00157924
198.03802121,-0.00000449
198.23785862,0.00254746
198.43771483,-0.00171975
198.63758983,0.00164186
198.83748363,0.00001529
199.03739621,0.00404769
199.23732758,0.00017415
199.43727773,0.00010028
199.63724665,-0.00021327
199.83723433,0.00190337
200.03724079,0.00006986
200.23726600,-0.00004560
200.43730997,0.00151513
200.63737270,0.00286249
200.83745417,-0.00147115
201.03755438,0.00159979
201.23767334,-0.00056763
201.43781103,0.00036093
201.63796745,0.00192276
201.83814259,0.00089151
202.03833646,0.00003644
202.23854905,0.00171653
202.43878034,-0.00482682
202.63903035,-0.00333642
202.83929906,-0.00277519
203.03958648,0.00090411
203.23989258,-0.00407421
203.44021738,0.00391037
203.64056087,-0.00044307
203.84092304,0.00356989
204.04130389,-0.00011633
204.24170341,0.00453561
204.44212161,-0.00290065
204.64255846,0.00236166
204.84301398,0.00134177
205.04348816,-0.00054546
205.24398099,-0.00267147
205.44449247,0.00109331
205.64502259,0.00052752
205.84557135,-0.00067003
206.04613875,-0.00217094
206.24672477,-0.00036545
206.44732943,-0.00395058
206.64795270,0.00007944
206.84859460,-0.00108843
207.04925511,-0.00186705
207.24993422,0.00031896
207.45063194,0.00320365
207.65134827,-0.00054646
207.85208319,-0.00013794
208.05283670,-0.00274216
208.25360879,0.00370321
208.45439948,-0.00021373
208.65520874,0.00300746
208.85603657,0.00127740
209.05688298,0.00243264
209.25774795,-0.00273397
209.45863148,-0.00138893
209.65953357,0.00177732
209.86045421,0.00291113
210.06139340,0.00072444
210.26235114,0.00184046
210.46332742,0.00175739
210.66432223,0.00230796
210.86533557,-0.00269324
211.06636744,0.00423686
211.26741783,-0.00049325
211.46848674,-0.00054559
211.66957417,0.00270200
211.87068010,0.00125804
212.07180454,0.00117323
212.27294748,0.00210003
212.47410892,-0.00410921
212.67528885,0.00286157
212.87648727,-0.00272048
213.07770417,-0.00073300
213.27893955,-0.00029785
213.48019340,-0.00192934
213.68146573,0.00090219
213.88275652,0.00255848
214.08406577,-0.00027585
214.28539348,0.00034177
214.48673965,-0.00220060
214.68810426,0.00209961
214.88948732,-0.00050478
215.09088882,0.00034203
215.29230875,-0.00209702
215.49374712,0.00247435
215.69520391,-0.00108862
215.89667913,0.00015163
216.09817277,-0.00407618
216.29968481,0.00126629
216.50121527,-0.00119281
216.70276414,0.00180018
216.90433141,0.00050776
217.10591707,0.00247302
217.30752112,-0.00196302
217.50914357,0.00138481
217.71078440,-0.00317865
217.91244360,0.00299536
218.11412119,-0.00152579
218.31581714,0.00175714
218.51753146,-0.00307556
218.71926414,0.00062109
218.92101519,0.00024427
219.12278458,-0.00022063
219.32457232,-0.00226387
219.52637841,0.00016129
219.72820284,0.00016006
219.93004561,-0.00136589
220.13190671,-0.00013997
220.33378613,0.00201665
220.53568388,-0.00238082
220.73759995,-0.00001253
220.93953433,0.00006953
221.14148702,0.00024614
221.34345802,-0.00371282
221.54544732,0.00340396
221.74745492,-0.00082567
221.94948081,0.00180731
222.15152499,-0.00050531
222.35358745,0.00165327
222.55566819,-0.00001274
222.75776721,0.00072411
222.95988450,-0.00144256
223.16202006,0.00094572
223.36417388,-0.00178170
223.56634596,0.00101655
223.76853629,0.00395098
223.97074487,0.00092381
224.17297170,-0.00392901
224.37521677,0.00430787
224.57748007,0.00036861
224.77976161,-0.00053440
224.98206137,0.00227693
225.18437936,0.00353651
225.38671557,0.00020319
225.58906999,0.00152853
225.79144263,-0.00099161
225.99383347,0.00089107
226.19624251,-0.00154679
226.39866975,0.00311168
226.60111518,0.00059101
226.80357880,0.00059979
227.00606061,0.00163948
227.20856060,0.00354761
227.41107876,-0.00349106
227.61361510,0.00270294
227.81616960,-0.00146345
228.01874226,0.00054865
228.22133309,-0.00192931
228.42394206,0.00089124
228.62656919,0.00009818
228.82921447,0.00246578
229.03187788,-0.00159764
229.23455943,-0.00058693
229.43725912,0.00084826
229.63997693,0.00288197
229.84271287,-0.00026334
230.04546692,0.00241106
230.24823909,-0.00165141
230.45102938,0.00061184
230.65383777,-0.00265830
230.85666426,0.00193187
231.05950885,-0.00308810
231.26237153,0.00461028
231.46525230,0.00040160
231.66815116,0.00009973
231.87106810,0.00093070
232.07400312,-0.00017979
232.27695620,-0.00155555
232.47992736,0.00341158
232.68291657,0.00097384
232.88592385,0.00119233
233.08894918,0.00231727
233.29199256,0.00197433
233.49505399,-0.00296387
233.69813346,-0.00130410
233.90123097,-0.00224320
234.10434651,0.00249427
234.30748008,-0.00113059
234.51063167,0.00309057
234.71380128,-0.00228330
234.91698891,0.00284883
235.12019455,0.00111957
235.32341820,0.00092522
235.52665985,-0.00086731
235.72991950,0.00395236
235.93319714,0.00007609
236.13649277,-0.00095075
236.33980639,-0.00232523
236.54313798,-0.00019121
236.74648756,-0.00265102
236.94985511,0.00327895
237.15324062,0.00121484
237.35664410,-0.00015003
237.56006554,-0.00213086
237.76350493,0.00259179
237.96696228,0.00204770
238.17043757,0.00247322
238.37393080,0.00141171
238.57744197,0.00079849
238.78097107,-0.00061753
238.98451810,0.00114090
239.18808306,-0.00167248
239.39166594,-0.00163784
239.59526673,-0.00397137
239.79888544,0.00201646
240.00252205,0.00024378
240.20617656,0.00254898
240.40984898,0.00221426
240.61353929,0.00032870
240.81724748,-0.00198414
241.02097357,0.00232147
241.22471753,0.00398477
241.42847938,0.00214088
241.63225909,0.00030657
241.83605667,0.00265260
242.03987212,-0.00205416
242.24370543,0.00070396
242.44755659,-0.00136071
242.65142561,-0.00188619
242.85531247,-0.00049233
243.05921717,0.00035098
243.26313971,-0.00094262
243.46708008,0.00100686
243.67103829,-0.00392884
243.87501432,-0.00012917
244.07900817,-0.00017180
244.28301983,0.00240303
244.48704931,-0.00105558
244.69109660,0.00091213
244.89516169,-0.00115139
245.09924457,0.00065404
245.30334526,-0.00128481
245.50746373,0.00139052
245.71159999,-0.00119390
245.91575403,0.00202861
246.11992585,-0.00188824
246.32411544,0.00384806
246.52832280,-0.00092209
246.73254792,0.00134186
246.93679081,0.00069424
247.14105145,0.00120322
247.34532984,0.00120274
247.54962598,-0.00228284
247.75393986,0.00056838
247.95827148,0.00114136
248.16262083,-0.00177885
248.36698792,0.00333991
248.57137273,-0.00167937
248.77577526,0.00084942
248.98019550,0.00122345
249.18463346,0.00159194
249.38908913,-0.00132663
249.59356250,0.00059942
249.79805357,0.00230717
250.00256234,-0.00078484
250.20708879,-0.00140963
250.41163293,0.00016288
250.61619476,-0.00013065
250.82077426,0.00175813
251.02537144,0.00188183
251.22998628,0.00401649
251.43461879,-0.00265102
251.63926896,0.00284079
251.84393679,-0.00032604
252.04862226,0.00053701
252.25332539,-0.00279680
252.45804616,0.00417311
252.66278456,0.00102837
252.86754060,-0.00054672
253.07231427,-0.00254638
253.27710557,0.00358874
253.48191449,-0.00326432
253.68674103,0.00001757
253.89158517,0.00103593
254.09644693,-0.00070067
254.30132629,-0.00034786
254.50622325,0.00091232
254.71113781,-0.00127634
254.91606995,-0.00113555
255.12101969,0.00037995
255.32598700,0.00070291
255.53097190,-0.00019289
255.73597436,0.00342448
255.94099440,0.00279808
256.14603200,0.00222445
256.35108717,0.00066072
256.55615988,-0.00030464
256.76125016,-0.00174157
256.96635797,0.00197391
257.17148334,-0.00021358
257.37662624,0.00396469
257.58178668,-0.00255635
257.78696464,0.00280724
257.99216013,-0.00048399
258.19737315,0.00077818
258.40260368,-0.00197204
258.60785173,0.00205777
258.81311728,-0.00083862
259.01840034,-0.00240914
259.22370090,-0.00211800
259.42901895,0.00155754
259.63435450,-0.00102649
259.83970753,0.00202939
260.04507804,-0.00290809
260.25046604,0.00164145
260.45587150,0.00215994
260.66129444,0.00244485
260.86673484,-0.00290760
261.07219271,0.00030831
261.27766803,0.00053533
261.48316080,-0.00161501
261.68867102,-0.00343028
261.89419869,0.00149564
262.09974379,-0.00219299
262.30530633,0.00273747
262.51088630,-0.00022286
262.71648370,-0.00073362
262.92209852,0.00070239
263.12773075,-0.00005514
263.33338040,-0.00074340
263.53904746,0.00024627
263.74473193,-0.00065229
263.95043379,0.00325667
264.15615305,0.00119357
264.36188970,0.00166189
264.56764374,0.00164030
264.77341517,0.00515342
264.97920397,-0.00080606
265.18501014,0.00180744
265.39083369,0.00203559
265.59667460,0.00029919
265.80253287,0.00223701
266.00840850,0.00322413
266.21430149,0.00032756
266.42021182,0.00131885
266.62613949,-0.00280295
266.83208451,0.00239132
267.03804686,0.00101473
267.24402654,0.00386179
267.45002355,-0.00244978
267.65603788,0.00103653
267.86206953,0.00055664
268.06811849,-0.00005419
268.27418476,-0.00041020
268.48026834,-0.00123439
268.68636922,-0.00206749
268.89248739,0.00275707
269.09862286,-0.00047157
269.30477562,0.00470311
269.51094565,0.00136888
269.71713297,0.00128004
269.92333756,0.00042281
270.12955942,0.00459910
270.33579855,0.00251400
270.54205494,0.00275869
270.74832859,-0.00226255
270.95461949,0.00026571
271.16092764,-0.00233930
271.36725303,-0.00111667
271.57359567,0.00086013
271.77995554,0.00226627
271.98633264,0.00184876
272.19272697,-0.00205304
272.39913852,-0.00215844
272.60556729,0.00130759
272.81201327,-0.00296281
273.01847647,0.00380087
273.22495686,-0.00126153
273.43145446,-0.00285795
273.63796926,0.00003641
273.84450125,0.00027684
274.05105043,-0.00136755
274.25761679,0.00112107
274.46420033,-0.00162980
274.67080105,0.00229680
274.87741893,-0.00194915
275.08405399,0.00089122
275.29070620,-0.00048454
275.49737557,-0.00236775
275.70406210,-0.00038864
275.91076578,0.00270273
276.11748660,-0.00171323
276.32422456,0.00059112
276.53097965,0.00240242
276.73775188,0.00395305
276.94454124,-0.00067203
277.15134772,-0.00270111
277.35817132,-0.00122063
277.56501203,0.00228575
277.77186985,0.00243169
277.97874478,0.00406795
278.18563681,-0.00019993
278.39254594,0.00399396
278.59947216,0.00041125
278.80641546,0.00200744
279.01337586,0.00077737
279.22035333,0.00341107
279.42734788,0.00095127
279.63435950,0.00121686
279.84138818,-0.00361643
280.04843393,0.00386977
280.25549674,0.00014052
280.46257660,0.00346494
280.66967350,-0.00230379
280.87678746,0.00311882
281.08391846,-0.00059040
281.29106649,0.00161071
281.49823155,-0.00165852
281.70541364,0.00053730
281.91261276,-0.00046356
282.11982889,0.00011127
282.32706204,0.00108922
282.53431220,0.00010059
282.74157937,0.00211798
282.94886354,0.00309056
283.15616470,0.00042379
283.36348286,0.00005975
283.57081801,0.00130816
283.77817014,0.00400223
283.98553925,0.00029330
284.19292534,-0.00210629
284.40032840,-0.00191985
284.60774842,-0.00097477
284.81518541,0.00245945
285.02263936,0.00047734
285.23011026,-0.00164928
285.43759811,0.00014860
285.64510291,0.00174795
285.85262465,0.00312201
286.06016332,0.00139244
286.26771893,0.00377535
286.47529147,-0.00195663
286.68288093,0.00066389
286.89048731,-0.00219052
287.09811060,-0.00041255
287.30575080,-0.00326853
287.51340792,0.00087212
287.72108193,-0.00004504
287.92877284,0.00248150
288.13648065,-0.00145859
288.34420534,-0.00046092
288.55194692,-0.00035763
288.75970538,-0.00241318
288.96748071,-0.00162603
289.17527292,0.00210100
289.38308200,-0.00266971
289.59090793,-0.00032889
289.79875073,-0.00191236
290.00661038,0.00091408
290.21448688,-0.00158662
290.42238023,0.00471014
290.63029042,-0.00095790
290.83821745,0.00470470
291.04616130,-0.00162813
291.25412199,0.00052213
291.46209950,-0.00375241
291.67009384,0.00155987
291.87810498,-0.00052421
292.08613294,0.00244000
292.29417771,-0.00437110
292.50223927,-0.00152284
292.71031764,-0.00385649
292.91841280,0.00085717
293.12652475,0.00020993
293.33465348,0.00189290
293.54279900,0.00182900
293.75096129,0.00260504
293.95914035,0.00056285
294.16733618,0.00237158
294.37554878,-0.00379469
294.58377813,0.00177216
294.79202424,-0.00166592
295.00028710,0.00126822
295.20856671,0.00155834
295.41686305,0.00331315
295.62517614,-0.00110332
295.83350596,-0.00196044
296.04185250,0.00237069
296.25021577,-0.00020464
296.45859577,-0.00464294
296.66699247,0.00078861
296.87540589,0.00137058
297.08383602,-0.00257942
297.29228285,0.00043968
297.50074638,0.00068405
297.70922660,0.00103717
297.91772351,0.00239705
298.12623711,-0.00022794
298.33476739,0.00230941
298.54331434,-0.00104495
298.75187797,0.00256301
298.96045826,-0.00037378
299.16905522,-0.00060690
299.37766884,-0.00196178
299.58629912,0.00256425
299.79494604,-0.00162453
300.00360962,0.00083123
300.21228983,-0.00102511
300.42098668,0.00445974
300.62970017,0.00273131
300.83843028,0.00133065
301.04717702,0.00118290
301.25594038,-0.00018292
301.46472036,0.00118867
301.67351695,-0.00250158
301.88233014,0.00060019
302.09115994,0.00135516
302.30000634,-0.00083286
302.50886933,0.00122634
302.71774891,-0.00091997
302.92664508,0.00154492
303.13555783,0.00027301
303.34448716,-0.00048155
303.55343306,-0.00160743
303.76239553,-0.00032912
303.97137456,-0.00027106
304.18037015,0.00062261
304.38938230,-0.00112901
304.59841100,0.00104480
304.80745625,0.00052220
305.01651804,-0.00006393
305.22559636,-0.00262790
305.43469122,0.00521082
305.64380261,-0.00227028
305.85293053,0.00037222
306.06207497,-0.00160799
306.27123592,0.00425209
306.48041338,-0.00033044
306.68960736,0.00151796
306.89881783,-0.00106642
307.10804481,0.00379434
307.31728828,-0.00022594
307.52654824,0.00505815
307.73582469,-0.00183678
307.94511762,0.00420978
308.15442702,-0.00039293
308.36375290,-0.00075226
308.57309525,-0.00139894
308.78245407,-0.00074783
308.99182934,0.00016889
309.20122107,0.00237223
309.41062925,0.00028804
309.62005388,0.00423136
309.82949495,-0.00339284
310.03895246,0.00235134
310.24842641,0.00122466
310.45791678,0.00104367
310.66742358,-0.00164326
310.87694680,-0.00181469
311.08648644,-0.00156620
311.29604249,0.00048324
311.50561495,-0.00428972
311.71520381,-0.00073138
311.92480907,-0.00194090
312.13443073,0.00156434
312.34406878,-0.00133119
312.55372321,0.00022735
312.76339403,-0.00239869
312.97308122,0.00377349
313.18278479,0.00118681
313.39250473,0.00276785
313.60224103,0.00060021
313.81199369,-0.00183161
314.02176271,0.00095842
314.23154808,0.00195524
314.44134980,-0.00108671
314.65116786,0.00473165
314.86100226,-0.00220718
315.07085300,0.00062234
315.28072006,-0.00254498
315.49060346,0.00168952
315.70050317,0.00054107
315.91041920,0.00257998
316.12035154,0.00085001
316.33030019,0.00271102
316.54026515,0.00135712
316.75024641,-0.00006518
316.96024396,-0.00302380
317.17025780,0.00060720
317.38028793,0.00077155
317.59033434,0.00128890
317.80039703,-0.00139921
318.01047600,0.00327193
318.22057123,0.00195762
318.43068273,0.00478760
318.64081049,0.00122516
318.85095451,0.00048110
319.06111477,0.00312430
319.27129129,0.00285057
319.48148405,-0.00246118
319.69169305,0.00212588
319.90191829,0.00056392
320.11215975,0.00347531
320.32241744,0.00130845
320.53269136,-0.00053860
320.74298149,-0.00110178
320.95328783,-0.00014768
321.16361038,-0.00281540
321.37394914,0.00125250
321.58430410,0.00089560
321.79467525,0.00112237
322.00506260,0.00226653
322.21546613,0.00012674
322.42588585,0.00024873
322.63632174,-0.00143985
322.84677381,-0.00121170
323.05724205,-0.00035207
323.26772645,-0.00127093
323.47822702,0.00018481
323.68874374,0.00014258
323.89927661,0.00244160
324.10982564,-0.00268771
324.32039080,-0.00002267
324.53097211,0.00220413
324.74156955,0.00374817
324.95218312,0.00045895
325.16281282,0.00160140
325.37345864,-0.00316957
325.58412058,0.00489744
325.79479864,0.00141622
326.00549280,0.00183015
326.21620307,-0.00214906
326.42692943,-0.00022685
326.63767190,0.00068865
326.84843045,0.00222639
327.05920510,0.00053817
327.26999582,0.00162742
327.48080263,-0.00170540
327.69162551,-0.00054439
327.90246446,-0.00231631
328.11331948,-0.00018497
328.32419055,-0.00120568
328.53507769,0.00074718
328.74598088,-0.00237803
328.95690012,0.00356661
329.16783540,-0.00302063
329.37878672,0.00024752
329.58975408,-0.00252405
329.80073746,0.00345924
330.01173688,0.00235378
330.22275232,-0.00150144
330.43378377,0.00032955
330.64483124,0.00060575
330.85589472,0.00012548
331.06697421,0.00218476
331.27806969,-0.00133642
331.48918117,0.00331401
331.70030865,-0.00050141
331.91145211,0.00253788
332.12261156,-0.00216890
332.33378698,0.00189721
332.54497838,-0.00172674
332.75618575,0.00162194
332.96740909,-0.00123268
333.17864839,0.00375177
333.38990365,-0.00016698
333.60117486,0.00008126
333.81246202,-0.00260687
334.02376512,-0.00085317
334.23508416,-0.00005943
334.44641914,0.00316258
334.65777006,-0.00187860
334.86913689,-0.00162093
335.08051966,0.00052363
335.29191834,0.00205967
335.50333293,-0.00058682
335.71476344,0.00083549
335.92620985,-0.00174775
336.13767216,0.00289277
336.34915037,-0.00012863
336.56064447,-0.00027038
336.77215446,0.00014549
336.98368033,-0.00210613
337.19522208,-0.00358627
337.40677971,-0.00026746
337.61835321,0.00172838
337.82994258,-0.00225215
338.04154781,-0.00141969
338.25316889,0.00229354
338.46480583,-0.00158331
338.67645862,0.00266392
338.88812725,0.00149617
339.09981173,0.00214594
339.31151204,-0.00097832
339.52322818,0.00074697
339.73496015,-0.00325212
339.94670795,0.00039976
340.15847156,-0.00001913
340.37025099,0.00018440
340.58204623,0.00035079
340.79385727,-0.00205941
341.00568411,-0.00014573
341.21752676,0.00083093
341.42938519,-0.00075348
341.64125942,0.00094058
341.85314943,-0.00287312
342.06505521,0.00235114
342.27697678,-0.00027408
342.48891411,0.00108381
342.70086722,-0.00233302
342.91283608,0.00147611
343.12482071,-0.00123205
343.33682108,0.00015040
343.54883721,-0.00099759
343.76086908,0.00185161
343.97291670,0.00162136
344.18498005,0.00343670
344.39705913,-0.00229049
344.60915394,0.00195515
344.82126447,-0.00075302
345.03339073,0.00506304
345.24553269,0.00125246
345.45769037,0.00195526
345.66986376,0.00057964
345.88205285,-0.00141397
346.09425763,0.00018886
346.30647811,0.00376683
346.51871428,-0.00010807
346.73096613,-0.00124673
346.94323366,-0.00185265
347.15551687,0.00030995
347.36781575,0.00132960
347.58013030,0.00087718
347.79246051,0.00069009
348.00480637,-0.00091837
348.21716790,-0.00044221
348.42954507,-0.00016402
348.64193789,-0.00383086
348.85434635,0.00264309
349.06677045,0.00076693
349.27921018,0.00137611
349.49166553,-0.00004105
349.70413652,0.00085171
349.91662312,-0.00104507
350.12912534,0.00254373
350.34164316,0.00316680
350.55417660,0.00045615
350.76672564,-0.00027461
350.97929027,0.00369023
351.19187050,0.00208470
351.40446632,-0.00043931
351.61707772,-0.00260737
351.82970470,-0.00129022
352.04234726,-0.00081115
352.25500540,-0.00052317
352.46767910,0.00055845
352.68036836,0.00231605
352.89307318,0.00223036
353.10579356,0.00208020
353.31852949,0.00128784
353.53128096,-0.00182978
353.74404797,-0.00087221
353.95683053,0.00166378
354.16962861,0.00064213
354.38244222,0.00066923
354.59527136,-0.00058376
354.80811602,0.00299749
355.02097619,-0.00350342
355.23385188,-0.00137164
355.44674307,-0.00070667
355.65964977,0.00053919
355.87257196,0.00074613
356.08550965,0.00254134
356.29846282,-0.00180896
356.51143149,0.00322603
356.72441563,0.00193372
356.93741525,0.00167134
357.15043034,0.00118692
357.36346090,0.00401767
357.57650693,0.00080913
357.78956841,0.00225272
358.00264535,-0.00229102
358.21573774,0.00278872
358.42884557,0.00182926
358.64196885,-0.00160058
358.85510756,-0.00060350
359.06826171,0.00137191
359.28143129,-0.00027417
359.49461629,0.00154405
359.70781671,-0.00054182
359.92103255,-0.00150210
360.13426380,0.00041287
360.34751046,0.00019127
360.56077252,-0.00187510
360.77404998,0.00230902
360.98734283,0.00105883
361.20065108,0.00341749
361.41397471,-0.00491539
361.62731372,0.00064318
361.84066811,-0.00139953
362.05403787,0.00046062
362.26742299,-0.00189454
362.48082349,0.00370516
362.69423934,-0.00310751
362.90767055,0.00187827
363.12111711,-0.00195706
363.33457901,0.00351798
363.54805626,-0.00077421
363.76154885,-0.00022666
363.97505677,0.00187579
364.18858001,0.00387217
364.40211859,0.00087106
364.61567248,-0.00108261
364.82924169,-0.00318589
365.04282622,-0.00091867
365.25642605,0.00041303
365.47004118,0.00312631
365.68367162,0.00162636
365.89731734,0.00301753
366.11097836,0.00026727
366.32465467,0.00379201
366.53834625,-0.00243543
366.75205312,0.00272660
366.96577525,0.00080923
367.17951266,0.00010728
367.39326533,-0.00303922
367.60703326,-0.00010667
367.82081644,-0.00256480
368.03461488,0.00145927
368.24842856,-0.00160378
368.46225749,0.00108030
368.67610166,0.00147524
368.88996105,0.00375212
369.10383568,-0.00220602
369.31772554,0.00099671
369.53163061,-0.00002415
369.74555090,-0.00022779
369.95948641,0.00033426
370.17343712,0.00303873
370.38740304,0.00166266
370.60138415,0.00343916
370.81538046,-0.00051909
371.02939196,0.00395543
371.24341865,0.00128739
371.45746052,0.00254406
371.67151757,-0.00135227
371.88558979,0.00047693
372.09967718,-0.00283617
372.31377973,0.00483320
372.52789745,-0.00245588
372.74203032,-0.00010651
372.95617834,-0.00169036
373.17034151,0.00285566
373.38451982,0.00098041
373.59871328,-0.00071101
373.81292186,-0.00212791
374.02714558,0.00302041
374.24138442,-0.00004157
374.45563838,0.00045561
374.66990746,-0.00114897
374.88419166,0.00279469
375.09849096,-0.00012399
375.31280536,0.00070530
375.52713487,-0.00102364
375.74147947,0.00396110
375.95583916,-0.00127215
376.17021394,0.00108018
376.38460380,0.00047522
376.59900874,-0.00008356
376.81342875,-0.00270687
377.02786384,0.00191382
377.24231398,0.00068397
377.45677919,0.00233456
377.67125946,-0.00247900
377.88575477,0.00387141
378.10026514,0.00085029
378.31479054,0.00154238
378.52933099,-0.00033278
378.74388647,0.00162271
378.95845698,-0.00096162
379.17304252,-0.00000016
379.38764308,-0.00172853
379.60225866,-0.00046086
379.81688925,-0.00164950
380.03153485,-0.00028962
380.24619545,-0.00156290
380.46087105,-0.00035630
380.67556165,0.00228780
380.89026724,0.00289707
381.10498782,-0.00318521
381.31972338,0.00287226
381.53447392,0.00089181
381.74923943,0.00081443
381.96401992,0.00018954
382.17881536,-0.00039806
382.39362577,-0.00077464
382.60845114,0.00254279
382.82329146,-0.00264437
383.03814672,0.00183066
383.25301693,-0.00042054
383.46790208,0.00118819
383.68280217,-0.00227308
383.89771718,0.00026856
384.11264712,0.00007992
384.32759199,-0.00079098
384.54255177,-0.00218617
384.75752646,0.00274678
384.97251607,0.00085051
385.18752058,0.00293710
385.40253999,-0.00231222
385.61757429,0.00451763
385.83262349,-0.00318964
386.04768757,0.00172952
386.26276654,0.00110445
386.47786039,-0.00000223
386.69296911,0.00132947
386.90809270,0.00333486
387.12323116,-0.00208240
387.33838447,0.00333032
387.55355265,-0.00089916
387.76873568,0.00554172
387.98393355,-0.00383127
388.19914627,0.00414217
388.41437383,0.00162088
388.62961623,0.00002369
388.84487346,0.00049908
389.06014551,0.00230975
389.27543239,0.00039200
389.49073408,-0.00112048
389.70605059,-0.00021133
389.92138191,0.00285058
390.13672803,0.00253773
390.35208895,0.00156404
390.56746467,-0.00137352
390.78285518,0.00403842
390.99826048,0.00143416
391.21368057,0.00189706
391.42911543,-0.00052298
391.64456506,0.00203878
391.86002947,-0.00083704
392.07550864,0.00127067
392.29100258,-0.00078895
392.50651127,0.00366345
392.72203472,-0.00198204
392.93757291,-0.00102017
393.15312585,0.00062277
393.36869353,0.00193425
393.58427595,-0.00225276
393.79987309,0.00093999
394.01548497,-0.00006246
394.23111156,0.00026777
394.44675288,-0.00385703
394.66240890,0.00210392
394.87807964,-0.00224901
395.09376509,0.00124725
395.30946523,-0.00125349
395.52518007,0.00050158
395.74090961,-0.00074895
395.95665383,0.00024796
396.17241274,0.00005998
396.38818632,0.00245973
396.60397458,-0.00285369
396.81977752,0.00320584
397.03559511,-0.00071162
397.25142737,0.00337651
397.46727429,-0.00062484
397.68313586,-0.00002331
397.89901208,-0.00027458
398.11490295,0.00056493
398.33080845,-0.00208307
398.54672860,-0.00104359
398.76266337,-0.00287817
398.97861277,0.00310495
399.19457680,-0.00031119
399.41055544,0.00070627
399.62654870,0.00126648
399.84255656,0.00123256
400.05857904,-0.00158303
400.27461611,-0.00002379
400.49066778,0.00035099
400.70673405,-0.00260198
400.92281490,-0.00008104
401.13891034,-0.00002264
401.35502036,0.00143300
401.57114495,0.00210229
401.78728411,0.00208387
402.00343784,0.00360076
402.21960614,-0.00308676
402.43578899,0.00548016
402.65198639,-0.00183283
402.86819835,0.00093491
403.08442485,-0.00137792
403.30066589,0.00239603
403.51692147,-0.00428990
403.73319158,0.00224725
403.94947621,0.00299940
404.16577537,-0.00439478
404.38208905,0.00437120
404.59841725,-0.00000405
404.81475995,-0.00274854
405.03111716,-0.00060457
405.24748887,0.00380899
405.46387509,-0.00102394
405.68027579,0.00073305
405.89669098,-0.00222480
406.11312066,0.00176837
406.32956481,-0.00591869
406.54602345,-0.00095524
406.76249655,-0.00291560
406.97898412,0.00330980
407.19548616,-0.00121153
407.41200265,0.00235502
407.62853360,-0.00014833
407.84507899,0.00297628
408.06163883,0.00182844
408.27821312,0.00258490
408.49480184,-0.00258291
408.71140499,0.00151772
408.92802257,-0.00141977
409.14465458,-0.00091509
409.36130100,0.00297950
409.57796184,0.00020670
409.79463709,0.00089206
410.01132674,0.00000201
410.22803080,-0.00208292
410.44474926,0.00133093
410.66148211,-0.00031603
410.87822935,0.00075114
411.09499097,0.00297762
411.31176698,0.00195496
411.52855736,0.00057972
411.74536211,-0.00356034
411.96218123,-0.00010458
412.17901471,-0.00262680
412.39586255,0.00126668
412.61272475,0.00285551
412.82960130,0.00189701
413.04649219,-0.00110588
413.26339742,0.00235012
413.48031699,0.00310558
413.69725090,0.00204119
413.91419913,-0.00112792
414.13116169,0.00120416
414.34813856,-0.00001898
414.56512976,-0.00187581
414.78213526,0.00362102
414.99915507,0.00132926
415.21618918,-0.00093804
415.43323759,-0.00297930
415.65030030,0.00318412
415.86737729,-0.00335681
416.08446857,0.00156381
416.30157413,-0.00031238
416.51869396,0.00118492
416.73582807,-0.00046192
416.95297645,-0.00070708
417.17013909,0.00266584
417.38731599,0.00170539
417.60450714,-0.00577305
417.82171255,0.00533444
418.03893220,-0.00064627
418.25616609,0.00112212
418.47341422,0.00028794
418.69067658,-0.00064492
418.90795318,-0.00279173
419.12524399,0.00180977
419.34254903,0.00153758
419.55986828,0.00233518
419.77720174,-0.00029112
419.99454942,0.00564223
420.21191129,-0.00127398
420.42928736,0.00331335
420.64667763,-0.00006473
420.86408209,0.00112211
421.08150073,-0.00179497
421.29893355,0.00241863
421.51638055,-0.00010459
421.73384172,0.00108051
421.95131707,-0.00337824
422.16880657,0.00268881
422.38631023,-0.00287368
422.60382805,0.00141367
422.82136002,-0.00017051
423.03890614,0.00129222
423.25646640,-0.00389491
423.47404080,0.00239245
423.69162933,-0.00267003
423.90923199,0.00231429
424.12684877,0.00060668
424.34447968,0.00143500
424.56212470,-0.00169089
424.77978383,0.00141947
424.99745707,0.00216463
425.21514442,0.00160145
425.43284586,-0.00260764
425.65056140,0.00202327
425.86829102,-0.00268714
426.08603474,0.00133012
426.30379253,-0.00077436
426.52156440,-0.00095632
426.73935035,-0.00262344
426.95715036,0.00243481
427.17496444,-0.00154482
427.39279258,0.00368849
427.61063477,0.00083402
427.82849101,-0.00019053
428.04636130,0.00132916
428.26424564,0.00162575
428.48214401,-0.00293910
428.70005642,-0.00139734
428.91798285,0.00010028
429.13592331,0.00060363
429.35387779,-0.00231105
429.57184629,0.00080972
429.78982880,-0.00064931
430.00782532,0.00033475
430.22583584,0.00206227
430.44386036,0.00170558
430.66189888,-0.00029498
430.87995138,-0.00020733
431.09801788,0.00197928
431.31609835,0.00237127
431.53419280,0.00141304
431.75230123,0.00154301
431.97042362,0.00045717
432.18855998,-0.00037851
432.40671030,-0.00135774
432.62487457,0.00135578
432.84305280,-0.00202180
433.06124497,0.00205952
433.27945109,-0.00035783
433.49767114,0.00129394
433.71590513,-0.00354156
433.93415305,-0.00435549
434.15241489,-0.00225290
434.37069066,-0.00187371
434.58898034,-0.00031134
434.80728394,0.00072667
435.02560144,-0.00202388
435.24393285,0.00508241
435.46227815,0.00243676
435.68063736,0.00262153
435.89901045,-0.00164931
436.11739743,0.00096101
436.33579829,0.00006401
436.55421303,0.00226748
436.77264164,-0.00256624
436.99108413,0.00210649
437.20954047,-0.00310330
437.42801068,0.00128871
437.64649474,-0.00104471
437.86499266,-0.00189328
438.08350442,-0.00054155
438.30203003,0.00222649
438.52056948,-0.00502291
438.73912276,0.00223178
438.95768987,0.00022931
439.17627080,-0.00091923
439.39486556,0.00099614
439.61347414,-0.00058135
439.83209652,-0.00128981
440.05073272,-0.00067012
440.26938272,-0.00162840
440.48804652,0.00135528
440.70672412,0.00299916
440.92541551,0.00126803
441.14412068,-0.00050376
441.36283964,0.00418888
441.58157237,-0.00006161
441.80031888,0.00078839
442.01907916,0.00089137
442.23785320,0.00004265
442.45664101,0.00522959
442.67544257,-0.00104331
442.89425788,0.00287077
443.11308695,0.00041744
443.33192975,0.00108258
443.55078629,0.00103868
443.76965657,-0.00169099
443.98854058,0.00131262
444.20743832,-0.00306276
444.42634978,-0.00081483
444.64527495,-0.00321122
444.86421384,0.00356408
445.08316644,-0.00170801
445.30213274,0.00143514
445.52111275,0.00070481
445.74010644,0.00037893
445.95911383,-0.00214566
446.17813491,0.00093455
446.39716967,0.00118359
446.61621811,0.00116765
446.83528022,-0.00349909
447.05435601,0.00155932
447.27344546,-0.00123288
447.49254857,0.00020960
447.71166533,0.00045935
447.93079575,-0.00012742
448.14993982,-0.00362739
448.36909753,0.00389709
448.58826888,-0.00260529
448.80745387,-0.00241913
449.02665249,0.00141183
449.24586473,-0.00258183
449.46509060,-0.00168602
449.68433008,0.00114319
449.90358318,0.00149593
450.12284989,0.00129332
450.34213020,0.00006283
450.56142411,-0.00308565
450.78073162,-0.00252444
451.00005272,0.00135564
451.21938741,-0.00222791
451.43873568,0.00103911
451.65809753,0.00101677
451.87747296,0.00303999
452.09686195,-0.00308395
452.31626451,0.00189249
452.53568064,0.00043393
452.75511032,0.00277213
452.97455355,-0.00060254
453.19401033,0.00285047
453.41348066,0.00053779
453.63296452,0.00031514
453.85246192,-0.00201939
454.07197286,0.00041386
454.29149732,0.00212069
454.51103530,0.00198052
454.73058680,-0.00070567
454.95015181,0.00060110
455.16973034,-0.00062849
455.38932237,0.00112432
455.60892790,-0.00079285
455.82854693,0.00474561
456.04817944,-0.00112848
456.26782545,0.00243917
456.48748494,0.00241584
456.70715791,0.00008042
456.92684436,-0.00441935
457.14654427,0.00039739
457.36625766,-0.00168546
457.58598450,0.00193502
457.80572480,-0.00121169
458.02547856,0.00162740
458.24524576,-0.00158264
458.46502641,0.00070535
458.68482050,-0.00044066
458.90462802,0.00104474
459.12444898,-0.00287411
459.34428336,0.00006017
459.56413117,-0.00187828
459.78399239,0.00070857
460.00386703,0.00253887
460.22375508,-0.00031632
460.44365654,0.00156513
460.66357139,0.00125151
460.88349965,-0.00158556
461.10344129,-0.00196173
461.32339633,0.00308447
461.54336475,-0.00204127
461.76334654,-0.00133482
461.98334172,-0.00254443
462.20335026,0.00374835
462.42337217,-0.00066691
462.64340744,-0.00077325
462.86345607,-0.00319016
463.08351806,0.00064975
463.30359339,0.00025107
463.52368207,0.00318314
463.74378409,-0.00054507
463.96389945,0.00304468
464.18402813,-0.00106248
464.40417015,0.00114286
464.62432549,-0.00179464
464.84449415,0.00042181
465.06467612,-0.00039513
465.28487140,0.00053956
465.50507999,-0.00019167
465.72530188,-0.00037305
465.94553707,0.00198020
466.16578555,0.00060095
466.38604732,0.00051654
466.60632237,0.00340095
466.82661070,-0.00024839
467.04691231,0.00185139
467.26722719,0.00189187
467.48755534,0.00013079
467.70789675,-0.00006185
467.92825142,0.00285072
468.14861934,0.00118332
468.36900051,0.00358567
468.58939493,0.00004196
468.80980259,0.00478819
469.03022348,0.00055911
469.25065761,-0.00139232
469.47110496,-0.00129265
469.69156554,0.00035164
469.91203934,-0.00321134
470.13252635,0.00150181
470.35302658,-0.00241483
470.57354001,0.00074661
470.79406664,-0.00148292
471.01460647,0.00085631
471.23515949,-0.00201883
471.45572570,0.00041428
471.67630510,-0.00039926
471.89689768,0.00281577
472.11750343,-0.00101964
472.33812236,-0.00081489
472.55875445,-0.00291975
472.77939970,-0.00001603
473.00005812,-0.00297837
473.22072968,0.00205935
473.44141440,0.00168330
473.66211226,0.00210618
473.88282327,-0.00222847
474.10354741,0.00187220
474.32428469,0.00022540
474.54503509,0.00017023
474.76579861,0.00114771
474.98657526,0.00305893
475.20736502,0.00072529
475.42816790,-0.00130967
475.64898388,-0.00145806
475.86981296,0.00462015
476.09065514,0.00162099
476.31151041,-0.00110082
476.53237877,-0.00064496
476.75326022,0.00241329
476.97415475,-0.00148274
477.19506235,0.00131560
477.41598303,-0.00097756
477.63691677,0.00189312
477.85786358,0.00051652
478.07882345,-0.00087194
478.29979637,-0.00281120
478.52078234,0.00039243
478.74178136,0.00351616
478.96279342,0.00331644
479.18381852,-0.00228971
479.40485665,0.00101800
479.62590780,-0.00200304
479.84697199,-0.00087458
480.06804919,-0.00185491
480.28913941,-0.00012810
480.51024264,-0.00033652
480.73135888,0.00018982
480.95248811,-0.00001988
481.17363035,0.00145491
481.39478558,-0.00179456
481.61595381,-0.00007999
481.83713501,0.00085499
482.05832920,0.00191370
482.27953636,-0.00285736
482.50075650,0.00316954
482.72198961,-0.00035234
482.94323568,0.00147619
483.16449470,-0.00110700
483.38576669,0.00154386
483.60705162,-0.00237483
483.82834950,0.00155979
484.04966032,0.00064251
484.27098408,0.00096024
484.49232077,0.00049967
484.71367040,0.00026834
484.93503294,0.00284929
485.15640841,0.00043820
485.37779679,-0.00218717
485.59919809,0.00162193
485.82061229,0.00176667
486.04203940,0.00462715
486.26347940,0.00004240
486.48493230,0.00357975
486.70639809,-0.00239922
486.92787676,0.00021149
487.14936832,-0.00281059
487.37087275,0.00260051
487.59239005,-0.00250313
487.81392023,0.00166868
488.03546326,-0.00204098
488.25701916,0.00135137
488.47858791,0.00249612
488.70016952,0.00552292
488.92176397,0.00008267
489.14337126,0.00187211
489.36499139,-0.00250285
489.58662435,0.00266790
489.80827015,-0.00666369
490.02992877,0.00030898
490.25160021,-0.00119153
490.47328446,-0.00014286
490.69498153,-0.00291476
490.91669141,0.00139311
491.13841408,0.00153769
491.36014956,0.00214867
491.58189784,-0.00068586
491.80365890,0.00189236
492.02543275,0.00055844
492.24721938,-0.00045711
492.46901879,-0.00087476
492.69083097,-0.00089851
492.91265592,-0.00443981
493.13449363,0.00306246
493.35634411,-0.00070694
493.57820734,-0.00177310
493.80008332,0.00064267
494.02197205,0.00149946
494.24387352,-0.00029082
494.46578773,0.00105933
494.68771467,-0.00381568
494.90965434,0.00302339
495.13160674,0.00114652
495.35357186,0.00395463
495.57554970,-0.00308613
495.79754025,0.00029213
496.01954350,-0.00406270
496.24155946,-0.00012846
496.46358812,-0.00114952
496.68562948,0.00364638
496.90768352,-0.00164643
497.12975026,0.00080892
497.35182967,0.00045429
497.57392176,0.00233620
497.79602653,0.00066858
498.01814396,-0.00098060
498.24027406,0.00251645
498.46241682,-0.00126893
498.68457224,-0.00108098
498.90674030,0.00299623
499.12892102,-0.00283634
499.35111438,0.00014715
499.57332037,-0.00216536
499.79553900,0.00160105
500.01777026,-0.00446070
500.24001415,0.00266498
500.46227066,-0.00218746
500.68453978,-0.00056590
500.90682152,-0.00014958
501.12911587,0.00323082
501.35142282,0.00079356
501.57374237,0.00060077
501.79607451,-0.00104513
502.01841925,0.00106372
502.24077657,-0.00014600
502.46314648,0.00056001
502.68552896,-0.00227427
502.90792402,0.00000324
503.13033164,-0.00139570
503.35275184,0.00178800
503.57518459,0.00016234
503.79762990,0.00045968
504.02008776,-0.00095736
504.24255817,0.00024723
504.46504112,0.00141285
504.68753661,-0.00208066
504.91004464,-0.00018611
505.13256519,0.00222622
505.35509828,0.00078759
505.57764388,0.00044051
505.80020200,0.00095559
506.02277264,0.00139274
506.24535578,-0.00046228
506.46795143,0.00502343
506.69055958,-0.00203866
506.91318022,0.00078941
507.13581335,-0.00058722
507.35845898,0.00183691
507.58111708,0.00014619
507.80378766,0.00356003
508.02647072,-0.00252414
508.24916625,0.00291810
508.47187424,-0.00102107
508.69459469,0.00089296
508.91732760,-0.00098351
509.14007297,-0.00049901
509.36283078,0.00104345
509.58560103,0.00076743
509.80838373,-0.00139930
510.03117886,0.00000383
510.25398642,-0.00000040
510.47680640,0.00072602
510.69963881,-0.00323240
510.92248364,0.00031508
511.14534088,-0.00281027
511.36821052,0.00399591
511.59109258,0.00303730
511.81398703,0.00056624
512.03689388,-0.00108245
512.25981312,0.00512065
512.48274475,0.00007972
512.70568876,0.00150203
512.92864516,0.00008443
513.15161392,-0.00025250
513.37459506,-0.00035756
513.59758856,0.00089804
513.82059442,-0.00178912
514.04361264,0.00130944
514.26664321,-0.00281557
514.48968613,0.00329170
514.71274140,-0.00074988
514.93580900,0.00110159
515.15888894,-0.00079506
515.38198121,0.00402107
515.60508581,0.00208259
515.82820273,0.00130931
516.05133197,0.00118302
516.27447352,0.00000244
516.49762739,-0.00248126
516.72079355,-0.00083701
516.94397202,0.00283403
517.16716278,-0.00127051
517.39036584,0.00066388
517.61358118,-0.00204529
517.83680881,0.00272866
518.06004872,0.00214286
518.28330090,0.00166334
518.50656535,0.00024691
518.72984207,0.00175211
518.95313105,-0.00362270
519.17643229,0.00199613
519.39974578,0.00057909
519.62307152,0.00052210
519.84640950,-0.00135400
520.06975972,0.00078841
520.29312218,0.00189139
520.51649687,-0.00008130
520.73988379,0.00077150
520.96328293,-0.00127334
521.18669429,-0.00319045
521.41011786,0.00148120
521.63355365,0.00273136
521.85700163,0.00197543
522.08046182,0.00035047
522.30393421,0.00094105
522.52741879,-0.00264488
522.75091556,0.00224593
522.97442451,0.00101668
523.19794564,-0.00051779
523.42147894,0.00148193
523.64502442,0.00180946
523.86858206,-0.00250252
524.09215187,0.00208457
524.31573383,-0.00095644
524.53932794,0.00105880
524.76293421,0.00291227
524.98655262,-0.00110130
525.21018317,-0.00085308
525.43382586,-0.00023217
525.65748067,-0.00064985
525.88114762,0.00002294
526.10482669,-0.00004177
526.32851788,0.00151753
526.55222118,-0.00539784
526.77593659,0.00033762
526.99966411,-0.00341438
527.22340373,-0.00018940
527.44715544,-0.00046236
527.67091925,0.00271068
527.89469515,-0.00087258
528.11848313,0.00043362
528.34228319,-0.00081599
528.56609533,0.00048152
528.78991954,0.00145990
529.01375581,0.00087230
529.23760415,-0.00325281
529.46146455,0.00079332
529.68533700,-0.00039459
529.90922150,0.00133013
530.13311804,-0.00181584
530.35702663,-0.00137229
530.58094725,0.00089711
530.80487990,0.00251689
531.02882458,-0.00089965
531.25278129,-0.00045662
531.47675001,0.00285263
531.70073075,0.00170450
531.92472350,-0.00383614
532.14872825,0.00172952
532.37274501,0.00058514
532.59677377,0.00310053
532.82081451,0.00116274
533.04486725,0.00283185
533.26893197,-0.00172990
533.49300867,-0.00046192
533.71709735,-0.00398188
533.94119800,0.00214772
534.16531061,-0.00164464
534.38943519,0.00205870
534.61357173,0.00064213
534.83772022,0.00027234
535.06188066,0.00020879
535.28605305,0.00395410
535.51023738,-0.00333620
535.73443364,0.00137509
535.95864184,-0.00066735
536.18286196,0.00049694
536.40709401,0.00130864
536.63133798,-0.00064371
536.85559386,0.00060749
537.07986166,0.00318353
537.30414136,0.00334975
537.52843296,-0.00310358
537.75273646,-0.00185252
537.97705186,0.00160097
538.20137914,-0.00046221
538.42571831,0.00266713
538.65006936,-0.00033406
538.87443228,0.00024715
539.09880708,-0.00112856
539.32319374,0.00102272
539.54759227,-0.00333057
539.77200266,-0.00100253
539.99642490,-0.00154502
540.22085899,-0.00156048
540.44530492,-0.00112392
540.66976270,-0.00058643
540.89423232,-0.00183616
541.11871377,0.00173176
541.34320704,0.00033413
541.56771214,0.00307988
541.79222906,-0.00187877
542.01675780,0.00087596
542.24129835,-0.00022697
542.46585070,0.00197606
542.69041486,-0.00117039
542.91499081,0.00008530
543.13957856,-0.00052303
543.36417810,0.00251841
543.58878942,-0.00202451
543.81341253,-0.00001587
544.03804741,-0.00251968
544.26269406,0.00476690
544.48735248,-0.00346114
544.71202267,0.00189810
544.93670461,-0.00510192
545.16139831,0.00220418
545.38610376,0.00043313
545.61082095,0.00364802
545.83554989,-0.00052074
546.06029056,-0.00171065
546.28504297,-0.00008729
546.50980711,0.00248036
546.73458297,-0.00004141
546.95937055,0.00280829
547.18416985,0.00018337
547.40898085,0.00092122
547.63380357,-0.00058031
547.85863799,0.00274639
548.08348411,0.00070474
548.30834192,0.00079289
548.53321142,0.00083365
548.75809260,0.00337128
548.98298547,-0.00119078
549.20789002,0.00068996
549.43280623,0.00162488
549.65773412,0.00066390
549.88267367,-0.00394066
550.10762488,0.00385388
550.33258774,-0.00016467
550.55756226,0.00066424
550.78254842,-0.00233759
551.00754622,0.00106315
551.23255566,0.00146201
551.45757674,0.00043515
551.68260944,-0.00094148
551.90765377,0.00143733
552.13270972,-0.00037585
552.35777728,0.00001741
552.58285646,-0.00162930
552.80794725,0.00173139
553.03304963,-0.00076762
553.25816362,-0.00179366
553.48328920,0.00009969
553.70842637,0.00158374
553.93357513,-0.00064569
554.15873547,0.00006037
554.38390739,0.00116274
554.60909088,0.00021018
554.83428593,0.00016561
555.05949256,0.00287083
555.28471074,-0.00112867
555.50994048,0.00162797
555.73518176,-0.00100038
555.96043460,-0.00010681
556.18569898,0.00022497
556.41097489,0.00062639
556.63626234,0.00208341
556.86156132,0.00168384
557.08687183,-0.00258661
557.31219385,0.00143963
557.53752740,-0.00139684
557.76287245,0.00274614
557.98822901,0.00018342
558.21359708,0.00281340
558.43897664,0.00166481
558.66436770,0.00247558
558.88977025,-0.00114919
559.11518429,0.00275137
559.34060981,-0.00118800
559.56604680,0.00049727
559.79149527,0.00070430
560.01695521,0.00079390
560.24242662,-0.00127114
560.46790948,0.00170536
560.69340380,0.00332898
560.91890957,0.00437655
561.14442678,-0.00189407
561.36995545,0.00168403
561.59549554,-0.00146106
561.82104708,0.00252066
562.04661004,-0.00085376
562.27218443,0.00099757
562.49777024,-0.00304515
562.72336747,0.00077341
562.94897611,-0.00129169
563.17459615,0.00085118
563.40022760,-0.00310699
563.62587046,0.00591650
563.85152470,-0.00283019
564.07719034,0.00074684
564.30286736,-0.00287774
564.52855577,0.00085567
564.75425555,0.00056192
564.97996671,0.00235078
565.20568924,-0.00135702
565.43142313,-0.00133110
565.65716838,-0.00254226
565.88292499,0.00228864
566.10869295,0.00039189
566.33447226,0.00212765
566.56026291,-0.00133308
566.78606490,0.00437097
567.01187822,-0.00215021
567.23770288,0.00475233
567.46353886,-0.00273180
567.68938616,0.00476690
567.91524478,-0.00227366
568.14111471,-0.00062205
568.36699595,-0.00199879
568.59288850,0.00151785
568.81879234,0.00064145
569.04470748,0.00327200
569.27063391,0.00047738
569.49657163,-0.00027333
569.72252063,-0.00142020
569.94848091,-0.00056065
570.17445247,0.00112341
570.40043529,0.00195476
570.62642938,-0.00002494
570.85243473,0.00010680
571.07845133,-0.00470820
571.30447919,-0.00054470
571.53051830,-0.00029527
571.75656864,-0.00235072
571.98263023,-0.00114594
572.20870306,-0.00031528
572.43478711,-0.00137889
572.66088239,0.00079208
572.88698889,0.00137502
573.11310661,0.00378817
573.33923555,-0.00075403
573.56537569,0.00279259
573.79152704,0.00027078
574.01768958,-0.00073271
574.24386332,0.00097999
574.47004826,-0.00287260
574.69624438,0.00080923
574.92245169,-0.00058654
575.14867017,0.00318816
575.37489983,-0.00224948
575.60114065,-0.00016992
575.82739265,-0.00283670
576.05365580,-0.00172713
576.27993011,0.00043664
576.50621558,0.00030976
576.73251219,0.00024573
576.95881994,0.00125154
577.18513884,0.00216693
577.41146887,0.00149692
577.63781003,-0.00306591
577.86416232,-0.00064167
578.09052573,0.00091502
578.31690026,0.00305886
578.54328590,-0.00208679
578.76968265,0.00156319
578.99609051,-0.00068615
579.22250946,0.00114262
579.44893952,-0.00300400
579.67538066,0.00220939
579.90183289,-0.00185484
580.12829621,0.00260075
580.35477061,0.00076619
580.58125607,0.00220850
580.80775261,-0.00326957
581.03426022,0.00055930
581.26077889,-0.00333609
581.48730861,0.00037703
581.71384939,-0.00014560
581.94040121,0.00049693
582.16696408,-0.00008710
582.39353799,0.00016771
582.62012294,0.00191576
582.84671892,0.00197625
583.07332592,0.00034975
583.29994395,0.00208325
583.52657299,-0.00099947
583.75321305,0.00295512
583.97986412,0.00147549
584.20652619,-0.00060244
584.43319927,-0.00231101
584.65988334,-0.00081544
584.88657840,0.00218272
585.11328446,-0.00151996
585.34000149,-0.00073031
585.56672950,0.00172678
585.79346849,0.00095445
586.02021845,0.00056471
586.24697938,-0.00229040
586.47375127,0.00349660
586.70053411,-0.00291980
586.92732791,0.00131390
587.15413266,0.00054329
587.38094835,0.00068442
587.60777499,-0.00000382
587.83461256,0.00368778
588.06146106,-0.00035192
588.28832048,0.00195485
588.51519083,0.00130836
588.74207210,-0.00029085
588.96896429,-0.00277041
589.19586738,0.00078878
589.42278138,-0.00039891
589.64970628,-0.00147668
589.87664208,-0.00170684
590.10358877,0.00139234
590.33054635,-0.00012870
590.55751481,0.00181511
590.78449415,-0.00099988
591.01148437,0.00030991
591.23848546,-0.00054530
591.46549741,-0.00205922
591.69252023,-0.00041933
591.91955390,0.00312111
592.14659843,-0.00035777
592.37365381,0.00272935
592.60072003,0.00122904
592.82779710,0.00208017
593.05488500,-0.00164955
593.28198373,0.00077161
593.50909329,-0.00083035
593.73621367,0.00137181
593.96334487,-0.00212814
594.19048689,0.00085539
594.41763972,-0.00160405
594.64480335,0.00353864
594.87197778,-0.00146238
595.09916301,0.00121043
595.32635904,-0.00172613
595.55356585,0.00195464
595.78078345,-0.00066998
596.00801183,-0.00035249
596.23525098,0.00108445
596.46250090,-0.00019207
596.68976160,0.00201572
596.91703305,0.00200278
597.14431526,-0.00482811
597.37160823,0.00322375
597.59891194,-0.00102559
597.82622641,-0.00085070
598.05355161,0.00266883
598.28088755,0.00101599
598.50823422,0.00245322
598.73559162,-0.00128615
598.96295974,-0.00162608
599.19033858,0.00220321
599.41772814,-0.00223342
599.64512841,0.00006519
599.87253938,-0.00162282
600.09996106,0.00405696
600.32739343,0.00099459
600.55483650,-0.00033023
600.78229025,-0.00053861
601.00975469,0.00110005
601.23722982,-0.00056649
601.46471561,-0.00132871
601.69221208,0.00247974
601.91971922,0.00082938
602.14723702,-0.00110867
602.37476547,0.00423179
602.60230459,0.00102152
602.82985435,0.00230799
603.05741475,0.00059967
603.28498580,0.00079590
603.51256749,-0.00222621
603.74015981,0.00145391
603.96776276,-0.00277506
604.19537633,0.00266944
604.42300052,-0.00189340
604.65063532,-0.00023246
604.87828074,-0.00123386
605.10593676,0.00125383
605.33360339,-0.00016469
605.56128061,-0.00192040
605.78896843,-0.00062925
606.01666684,0.00077388
606.24437583,-0.00047764
606.47209540,0.00072467
606.69982555,-0.00369127
606.92756627,0.00188029
607.15531756,-0.00122744
607.38307941,0.00082977
607.61085182,-0.00133741
607.83863479,-0.00007949
608.06642830,-0.00233144
608.29423236,0.00085048
608.52204697,0.00051592
608.74987211,0.00333857
608.97770778,0.00039756
609.20555399,0.00172479
609.43341071,-0.00267224
609.66127796,0.00429249
609.88915572,-0.00204067
610.11704400,0.00293247
610.34494278,0.00093254
610.57285206,0.00190006
610.80077184,0.00014804
611.02870212,0.00141196
611.25664288,0.00186933
611.48459413,0.00208514
611.71255587,-0.00101724
611.94052807,0.00264116
612.16851076,-0.00279604
612.39650390,0.00306492
612.62450752,0.00152183
612.85252159,0.00220365
613.08054612,0.00053575
613.30858109,-0.00020206
613.53662652,-0.00189225
613.76468238,0.00120338
613.99274869,-0.00481498
614.22082543,0.00043951
614.44891259,-0.00080941
614.67701018,-0.00060788
614.90511819,-0.00117110
615.13323662,0.00056536
615.36136546,-0.00195655
615.58950471,0.00087178
615.81765435,0.00251534
616.04581440,0.00114972
616.27398485,0.00112631
616.50216568,-0.00150380
616.73035690,0.00018180
616.95855849,0.00225201
617.18677047,0.00323093
617.41499282,0.00053892
617.64322554,0.00070254
617.87146862,0.00431418
618.09972206,-0.00187161
618.32798586,0.00299573
618.55626000,-0.00127503
618.78454450,0.00144144
619.01283934,-0.00230812
619.24114451,0.00047483
619.46946002,-0.00071320
619.69778586,-0.00074702
619.92612202,-0.00162165
620.15446850,0.00326733
620.38282530,0.00007924
620.61119241,-0.00228905
620.83956983,-0.00043571
621.06795756,0.00191210
621.29635558,-0.00489909
621.52476390,0.00266940
621.75318250,-0.00003865
621.98161140,0.00078804
622.21005057,0.00116072
622.43850002,0.00152386
622.66695975,-0.00303824
622.89542974,0.00168314
623.12391000,-0.00227592
623.35240052,0.00058674
623.58090129,-0.00216390
623.80941232,0.00170417
624.03793359,0.00103652
624.26646510,-0.00080808
624.49500686,-0.00087285
624.72355885,0.00035031
624.95212106,-0.00154556
625.18069351,-0.00053787
625.40927617,-0.00060333
625.63786905,0.00143278
625.86647214,-0.00096290
626.09508544,0.00435545
626.32370895,-0.00251807
626.55234265,0.00343244
626.78098655,-0.00187921
627.00964064,0.00023202
627.23830492,-0.00297632
627.46697937,0.00176643
627.69566401,-0.00108772
627.92435882,-0.00170524
628.15306380,-0.00112267
628.38177894,0.00255810
628.61050424,0.00049457
628.83923970,0.00435877
629.06798532,0.00035580
629.29674107,0.00216279
629.52550698,-0.00081745
629.75428302,0.00325229
629.98306919,-0.00439183
630.21186550,0.00334956
630.44067193,-0.00096346
630.66948848,0.00056395
630.89831515,-0.00014336
631.12715193,0.00078720
631.35599882,-0.00283803
631.58485581,0.00008821
631.81372291,-0.00075071
632.04260010,-0.00052504
632.27148738,0.00094152
632.50038474,0.00077240
632.72929219,0.00203734
632.95820972,-0.00162908
633.18713732,0.00325387
633.41607499,-0.00293437
633.64502273,0.00118291
633.87398052,-0.00198434
634.10294838,0.00062784
634.33192628,-0.00026738
634.56091424,0.00164182
634.78991223,-0.00256678
635.01892027,0.00183718
635.24793834,-0.00426768
635.47696644,0.00345352
635.70600456,0.00024523
635.93505271,0.00362857
636.16411088,-0.00004092
636.39317906,0.00214053
636.62225724,-0.00035870
636.85134543,0.00027373
637.08044363,0.00043833
637.30955181,-0.00014922
637.53866999,-0.00108782
637.76779816,0.00214866
637.99693631,-0.00247640
638.22608443,0.00182967
638.45524254,-0.00010971
638.68441061,-0.00020551
638.91358864,-0.00054061
639.14277664,0.00320308
639.37197460,-0.00248377
639.60118250,0.00246188
639.83040036,0.00033631
640.05962816,0.00295326
640.28886589,0.00020372
640.51811357,0.00095973
640.74737117,-0.00105972
640.97663870,0.00291234
641.20591615,-0.00333736
641.43520352,0.00195963
641.66450081,0.00074975
641.89380800,0.00091221
642.12312510,0.00005723
642.35245209,0.00219019
642.58178899,-0.00349914
642.81113577,-0.00006623
643.04049245,-0.00205731
643.26985900,0.00115922
643.49923544,-0.00086546
643.72862175,0.00298901
643.95801793,0.00093412
644.18742397,0.00158238
644.41683988,-0.00139215
644.64626564,0.00226036
644.87570126,-0.00155391
645.10514672,0.00109127
645.33460203,-0.00398323
645.56406718,0.00154303
645.79354216,0.00233049
646.02302698,-0.00058878
646.25252162,-0.00201463
646.48202609,0.00149187
646.71154037,-0.00058044
646.94106446,0.00340701
647.17059837,-0.00203540
647.40014208,-0.00002689
647.62969559,-0.00167275
647.85925890,0.00048340
648.08883200,0.00267747
648.31841489,0.00169175
648.54800756,-0.00126376
648.77761001,0.00499947
649.00722224,0.00064904
649.23684423,0.00098945
649.46647599,-0.00031719
649.69611752,0.00023020
649.92576880,-0.00262344
650.15542983,0.00149541
650.38510061,0.00095313
650.61478114,-0.00049574
650.84447141,-0.00049775
651.07417141,-0.00096240
651.30388115,0.00243224
651.53360061,-0.00051797
651.76332979,0.00054253
651.99306870,0.00072463
652.22281731,-0.00200466
652.45257564,-0.00151707
652.68234367,-0.00312171
652.91212141,0.00151688
653.14190884,-0.00115017
653.37170596,-0.00062007
653.60151277,0.00179020
653.83132926,0.00459963
654.06115544,0.00055749
654.29099129,0.00183800
654.52083681,-0.00272635
654.75069199,-0.00033703
654.98055684,-0.00169198
655.21043135,-0.00105964
655.44031551,0.00087684
655.67020932,0.00005890
655.90011277,-0.00071367
656.13002587,0.00271213
656.35994860,0.00346080
656.58988096,0.00180939
656.81982295,-0.00194211
657.04977456,0.00308633
657.27973579,-0.00020581
657.50970664,-0.00100374
657.73968709,0.00228637
657.96967715,0.00179367
658.19967682,-0.00226994
658.42968608,-0.00150322
658.65970493,-0.00148330
658.88973337,0.00000217
659.11977140,0.00206631
659.34981900,-0.00075391
659.57987619,-0.00025452
659.80994294,0.00017078
660.04001926,-0.00170734
660.27010514,0.00291209
660.50020058,-0.00183777
660.73030557,0.00067269
660.96042011,-0.00139198
661.19054420,-0.00075443
661.42067783,-0.00142142
661.65082100,-0.00143537
661.88097369,-0.00362262
662.11113592,-0.00129524
662.34130767,0.00053664
662.57148893,0.00071132
662.80167972,-0.00274857
663.03188001,0.00068389
663.26208981,-0.00252482
663.49230911,0.00254565
663.72253791,-0.00182985
663.95277620,0.00114172
664.18302398,-0.00067087
664.41328125,0.00056350
664.64354799,0.00052216
664.87382421,-0.00204491
665.10410990,-0.00298379
665.33440506,0.00291948
665.56470969,0.00073074
665.79502377,0.00053749
666.02534730,-0.00083815
666.25568029,0.00073133
666.48602272,0.00135486
666.71637459,0.00470367
666.94673590,0.00189056
667.17710664,-0.00074593
667.40748681,-0.00081015
667.63787640,0.00053742
667.86827541,-0.00235771
668.09868384,0.00048304
668.32910168,-0.00197694
668.55952892,-0.00004567
668.78996557,-0.00110937
669.02041161,0.00254647
669.25086705,-0.00000107
669.48133188,-0.00064957
669.71180609,0.00084919
669.94228968,0.00218939
670.17278265,-0.00122576
670.40328499,0.00328665
670.63379670,-0.00202471
670.86431777,0.00071040
671.09484820,-0.00637104
671.32538799,-0.00062857
671.55593712,-0.00271256
671.78649560,0.00233444
672.01706342,0.00071197
672.24764058,0.00332892
672.47822707,0.00155752
672.70882290,-0.00262159
672.93942804,0.00093889
673.17004250,0.00397411
673.40066628,-0.00094198
673.63129938,0.00193961
673.86194177,0.00039850
674.09259347,0.00339191
674.32325447,-0.00044290
674.55392477,0.00175432
674.78460435,0.00081300
675.01529321,0.00122546
675.24599136,-0.00215045
675.47669879,0.00404617
675.70741548,-0.00243707
675.93814145,0.00032965
676.16887668,-0.00250434
676.39962116,0.00079488
676.63037491,0.00037634
676.86113790,0.00174565
677.09191014,0.00097408
677.32269162,0.00254395
677.55348234,-0.00028929
677.78428229,0.00197457
678.01509147,0.00061997
678.24590987,-0.00039288
678.47673750,0.00002298
678.70757434,-0.00006499
678.93842039,0.00291150
679.16927565,-0.00072686
679.40014011,0.00129359
679.63101377,0.00064124
679.86189663,-0.00002529
680.09278867,0.00119185
680.32368990,-0.00112220
680.55460031,-0.00039917
680.78551990,0.00018264
681.01644866,0.00169029
681.24738659,-0.00085299
681.47833368,-0.00021201
681.70928994,-0.00135888
681.94025534,0.00196122
682.17122990,-0.00532990
682.40221361,0.00162167
682.63320646,-0.00262804
682.86420844,-0.00372536
683.09521956,0.00123033
683.32623981,0.00176503
683.55726918,0.00024500
683.78830767,-0.00135267
684.01935528,0.00141619
684.25041200,0.00280784
684.48147783,-0.00156709
684.71255276,0.00277311
684.94363679,-0.00291384
685.17472992,0.00191147
685.40583213,0.00018298
685.63694344,-0.00160040
685.86806382,-0.00385202
686.09919328,0.00387042
686.33033181,0.00057807
686.56147941,0.00273070
686.79263608,-0.00162456
687.02380180,-0.00177391
687.25497659,-0.00227515
687.48616042,0.00225410
687.71735330,-0.00157847
687.94855522,-0.00054512
688.17976618,-0.00102579
688.41098617,0.00116950
688.64221520,-0.00170760
688.87345324,0.00309956
689.10470031,-0.00104605
689.33595640,0.00195842
689.56722150,0.00116994
689.79849560,0.00136998
690.02977871,-0.00040024
690.26107082,0.00266799
690.49237193,-0.00101664
690.72368202,0.00422438
690.95500110,0.00334807
691.18632916,-0.00062399
691.41766620,-0.00031516
691.64901222,-0.00133771
691.88036720,0.00325078
692.11173114,-0.00206179
692.34310405,0.00157964
692.57448591,-0.00100450
692.80587673,0.00377398
693.03727649,-0.00124885
693.26868519,0.00407821
693.50010283,-0.00037989
693.73152941,0.00000327
693.96296492,-0.00114465
694.19440935,0.00270336
694.42586270,0.00066199
694.65732498,0.00433638
694.88879616,-0.00058094
695.12027625,0.00201652
695.35176524,-0.00204632
695.58326314,0.00348006
695.81476993,-0.00079015
696.04628561,0.00001781
696.27781018,0.00166134
696.50934363,0.00473300
696.74088595,0.00006404
696.97243716,0.00182985
697.20399723,-0.00096238
697.43556616,0.00237749
697.66714396,0.00123051
697.89873061,-0.00023260
698.13032611,-0.00075397
698.36193046,0.00445951
698.59354366,0.00127270
698.82516569,-0.00002443
699.05679656,0.00232776
699.28843626,0.00012653
699.52008478,0.00122993
699.75174213,-0.00127360
699.98340829,-0.00025470
700.21508327,0.00091904
700.44676705,-0.00285249
700.67845964,0.00153778
700.91016103,-0.00042107
701.14187121,0.00227321
701.37359019,-0.00010568
701.60531795,0.00218296
701.83705450,0.00205666
702.06879982,0.00000301
702.30055392,0.00137669
702.53231678,-0.00039950
702.76408841,0.00003668
702.99586881,0.00164772
703.22765796,-0.00095635
703.45945586,-0.00006631
703.69126251,-0.00042133
703.92307790,0.00021010
704.15490203,0.00160407
704.38673490,0.00214136
704.61857650,0.00220235
704.85042682,0.00358394
705.08228587,-0.00339340
705.31415363,0.00220430
705.54603011,-0.00085775
705.77791529,0.00166940
706.00980918,-0.00174624
706.24171178,0.00189187
706.47362306,-0.00235892
706.70554304,0.00221011
706.93747171,0.00033389
707.16940905,0.00393245
707.40135508,0.00155803
707.63330978,0.00119042
707.86527315,-0.00264292
708.09724519,0.00303737
708.32922589,-0.00419043
708.56121524,0.00231527
708.79321325,0.00014684
709.02521990,0.00110091
709.25723520,-0.00310772
709.48925914,0.00156528
709.72129172,-0.00128927
709.95333292,-0.00081595
710.18538275,-0.00219149
710.41744121,0.00233617
710.64950828,0.00224994
710.88158397,0.00097601
711.11366826,-0.00160830
711.34576116,-0.00001951
711.57786266,-0.00437109
711.80997276,0.00010114
712.04209145,-0.00077508
712.27421872,0.00150150
712.50635458,-0.00195825
712.73849902,0.00399543
712.97065203,-0.00065087
713.20281362,0.00356597
713.43498377,-0.00426834
713.66716248,0.00285030
713.89934974,-0.00050397
714.13154557,-0.00047560
714.36374994,0.00177230
714.59596285,0.00043429
714.82818430,0.00114096
715.06041429,-0.00037099
715.29265281,-0.00078936
715.52489986,-0.00146175
715.75715543,-0.00106729
715.98941952,-0.00041314
716.22169212,-0.00060264
716.45397323,0.00078768
716.68626285,-0.00244146
716.91856097,0.00050458
717.15086758,-0.00160066
717.38318269,0.00395319
717.61550629,-0.00339960
717.84783837,0.00266797
718.08017892,-0.00002024
718.31252796,-0.00094113
718.54488546,-0.00154603
718.77725143,0.00152339
719.00962586,0.00020986
719.24200875,0.00191291
719.47440009,-0.00060949
719.70679988,0.00266811
719.93920812,0.00187670
720.17162480,0.00199597
720.40404991,-0.00048373
720.63648345,0.00114827
720.86892543,-0.00020618
721.10137582,0.00459934
721.33383463,0.00168227
721.56630186,-0.00120524
721.79877750,0.00020806
722.03126154,0.00243262
722.26375398,0.00170342
722.49625482,0.00171098
722.72876406,0.00077076
722.96128168,-0.00254451
723.19380769,-0.00110894
723.42634207,-0.00022572
723.65888483,0.00148014
723.89143596,0.00149585
724.12399546,-0.00131602
724.35656332,0.00100063
724.58913954,-0.00139291
724.82172411,0.00285034
725.05431704,-0.00110780
725.28691830,0.00144004
725.51952791,-0.00395751
725.75214585,0.00270385
725.98477213,-0.00256696
726.21740673,0.00125421
726.45004966,-0.00151916
726.68270090,0.00301648
726.91536046,0.00247435
727.14802833,0.00331499
727.38070451,0.00062716
727.61338899,0.00101651
727.84608176,-0.00140040
728.07878283,-0.00399615
728.31149219,-0.00114198
728.54420983,-0.00002481
728.77693575,-0.00400362
729.00966995,-0.00049784
729.24241241,0.00122799
729.47516315,-0.00044120
729.70792215,0.00097448
729.94068940,-0.00080971
730.17346491,-0.00101771
730.40624867,0.00364113
730.63904068,0.00230658
730.87184092,0.00100235
731.10464941,-0.00097964
731.33746612,-0.00198274
731.57029106,-0.00127545
731.80312423,0.00289742
732.03596561,-0.00226977
732.26881522,0.00493148
732.50167303,-0.00156709
732.73453904,0.00173264
732.96741326,-0.00039632
733.20029568,-0.00029493
733.43318629,-0.00069235
733.66608509,0.00075420
733.89899208,0.00010584
734.13190724,0.00062136
734.36483058,0.00218271
734.59776209,0.00202335
734.83070177,-0.00245501
735.06364961,0.00176717
735.29660562,-0.00052577
735.52956977,0.00406246
735.76254208,-0.00001873
735.99552253,0.00245434
736.22851112,-0.00035868
736.46150785,0.00002266
736.69451271,-0.00087420
736.92752570,0.00191294
737.16054682,-0.00183787
737.39357605,0.00156332
737.62661340,-0.00443515
737.85965886,-0.00281478
738.09271243,0.00199496
738.32577410,0.00398094
738.55884386,-0.00137391
738.79192173,0.00060026
739.02500768,-0.00237948
739.25810171,0.00173235
739.49120383,0.00333434
739.72431402,0.00282872
739.95743228,-0.00188022
740.19055862,0.00127224
740.42369301,0.00062650
740.65683547,0.00068371
740.88998597,0.00218184
741.12314453,0.00062677
741.35631114,-0.00226757
741.58948579,0.00008020
741.82266847,-0.00044234
742.05585919,0.00306401
742.28905793,-0.00287303
742.52226470,0.00370358
742.75547949,-0.00333690
742.98870230,0.00248178
743.22193312,-0.00281085
743.45517194,-0.00168991
743.68841877,-0.00177571
743.92167359,-0.00018338
744.15493641,-0.00151770
744.38820722,0.00430738
744.62148602,-0.00444060
744.85477279,-0.00199772
745.08806754,0.00139549
745.32137027,-0.00060770
745.55468096,-0.00412847
745.78799962,0.00052272
746.02132623,0.00054098
746.25466080,0.00114217
746.48800333,-0.00100481
746.72135379,0.00106379
746.95471220,-0.00283210
747.18807855,-0.00054513
747.42145283,-0.00142167
747.65483504,-0.00049572
747.88822517,-0.00295625
748.12162323,-0.00198233
748.35502920,-0.00192054
748.58844308,0.00352145
748.82186487,-0.00307905
749.05529456,-0.00033674
749.28873216,-0.00058780
749.52217764,0.00102323
749.75563102,0.00035505
749.98909228,0.00351618
750.22256142,-0.00071231
750.45603844,0.00079594
750.68952333,0.00264106
750.92301609,-0.00287895
751.15651672,0.00279483
751.39002520,-0.00335356
751.62354154,0.00274564
751.85706574,-0.00044219
752.09059777,0.00023332
752.32413765,0.00162578
752.55768537,0.00051662
752.79124092,-0.00400442
753.02480430,-0.00124832
753.25837551,0.00041871
753.49195454,0.00095432
753.72554138,-0.00327464
753.95913604,-0.00193339
754.19273850,-0.00091282
754.42634877,0.00174606
754.65996683,-0.00208800
754.89359269,-0.00220470
755.12722634,0.00012757
755.36086778,0.00107995
755.59451700,0.00095378
755.82817399,0.00079406
756.06183876,-0.00056226
756.29551130,-0.00035819
756.52919160,-0.00115062
756.76287966,0.00114893
756.99657548,-0.00387302
757.23027905,-0.00035762
757.46399036,0.00209849
757.69770942,-0.00035106
757.93143622,-0.00080944
758.16517075,0.00318305
758.39891301,-0.00058780
758.63266300,0.00035721
758.86642070,0.00245968
759.10018613,0.00293214
759.33395926,0.00282776
759.56774011,0.00175280
759.80152866,-0.00172555
760.03532490,-0.00085731
760.26912885,-0.00375430
760.50294048,0.00300198
760.73675980,-0.00522702
760.97058680,-0.00181617
761.20442148,0.00051644
761.43826383,0.00098185
761.67211385,-0.00006241
761.90597154,0.00164112
762.13983689,0.00078640
762.37370989,0.00196162
762.60759054,0.00081434
762.84147885,0.00130672
763.07537479,-0.00006705
763.30927837,0.00085744
763.54318959,0.00068854
763.77710844,0.00216267
764.01103492,-0.00200425
764.24496901,-0.00045459
764.47891072,-0.00458202
764.71286005,0.00251663
764.94681698,-0.00462847
765.18078152,0.00231521
765.41475366,-0.00080935
765.64873339,-0.00040041
765.88272071,-0.00271335
766.11671562,0.00045777
766.35071812,-0.00250266
766.58472819,-0.00183653
766.81874583,0.00216191
767.05277105,0.00179483
767.28680383,-0.00176636
767.52084417,0.00047556
767.75489206,-0.00121341
767.98894751,0.00346145
768.22301051,-0.00045577
768.45708105,0.00374562
768.69115912,-0.00098357
768.92524474,0.00308726
769.15933788,0.00026990
769.39343855,0.00091194
769.62754674,-0.00075443
769.86166245,0.00021300
770.09578567,-0.00087486
770.32991640,0.00159907
770.56405464,-0.00183812
770.79820037,-0.00101660
771.03235360,0.00054557
771.26651433,0.00239068
771.50068254,-0.00319109
771.73485823,0.00446059
771.96904140,-0.00210111
772.20323204,0.00059996
772.43743016,-0.00006715
772.67163574,0.00116978
772.90584878,-0.00050056
773.14006928,-0.00079538
773.37429723,0.00003591
773.60853263,0.00289873
773.84277547,0.00010713
774.07702575,0.00301581
774.31128346,0.00097373
774.54554861,0.00054426
774.77982119,-0.00279018
775.01410118,0.00105888
775.24838859,0.00097446
775.48268342,0.00191967
775.71698566,-0.00010242
775.95129530,-0.00035821
776.18561234,-0.00181573
776.41993678,0.00100421
776.65426861,0.00262460
776.88860782,-0.00121182
777.12295442,-0.00196349
777.35730840,0.00158762
777.59166975,-0.00243527
777.82603847,-0.00050306
778.06041456,-0.00181687
778.29479801,0.00015013
778.52918882,-0.00258168
778.76358698,0.00299493
778.99799249,-0.00227578
779.23240534,-0.00014181
779.46682553,-0.00049846
779.70125306,-0.00050432
779.93568792,-0.00033839
780.17013010,0.00177409
780.40457961,-0.00029158
780.63903644,0.00139164
780.87350058,0.00130726
781.10797203,0.00179546
781.34245078,0.00079297
781.57693683,0.00478678
781.81143019,-0.00433795
782.04593083,-0.00037210
782.28043876,-0.00023063
782.51495398,0.00132872
782.74947647,-0.00233823
782.98400624,0.00144104
783.21854328,-0.00124786
783.45308758,-0.00081651
783.68763915,-0.00169191
783.92219797,0.00273224
784.15676405,0.00025298
784.39133738,-0.00139947
784.62591795,-0.00044255
784.86050576,0.00160806
785.09510080,0.00120950
785.32970308,0.00412035
785.56431259,-0.00223424
785.79892932,0.00129432
786.03355326,-0.00022658
786.26818442,-0.00150406
786.50282279,-0.00123352
786.73746837,-0.00051728
786.97212114,0.00102171
787.20678112,0.00347373
787.44144828,-0.00169227
787.67612264,-0.00032951
787.91080418,0.00064748
788.14549289,0.00051605
788.38018879,-0.00362920
788.61489185,0.00285752
788.84960208,-0.00143654
789.08431947,0.00097538
789.31904402,-0.00098448
789.55377572,0.00179319
789.78851458,-0.00012161
790.02326057,0.00016247
790.25801371,-0.00052536
790.49277398,-0.00051865
790.72754139,-0.00106102
790.96231592,0.00103734
791.19709758,-0.00148314
791.43188635,0.00110720
791.66668224,-0.00197800
791.90148524,0.00241250
792.13629535,-0.00137982
792.37111255,-0.00128846
792.60593686,-0.00118561
792.84076825,-0.00077541
793.07560674,0.00063971
793.31045231,0.00171112
793.54530496,-0.00106200
793.78016468,0.00035018
794.01503147,0.00016153
794.24990534,0.00114941
794.48478626,-0.00230885
794.71967424,0.00122493
794.95456928,-0.00167118
795.18947137,0.00098222
795.42438050,-0.00006017
795.65929667,0.00191231
795.89421988,-0.00071324
796.12915012,0.00525291
796.36408739,-0.00208102
796.59903168,0.00082924
796.83398299,-0.00362946
797.06894132,-0.00003783
797.30390665,0.00222986
797.53887900,-0.00108662
797.77385834,0.00561923
798.00884468,0.00229337
798.24383802,-0.00201906
798.47883834,0.00349464
798.71384565,0.00130807
798.94885994,0.00137992
799.18388120,-0.00230915
799.41890944,-0.00077443
799.65394464,-0.00535751
799.88898681,0.00133597
800.12403593,0.00098251
800.35909201,-0.00017140
800.59415504,-0.00425380
800.82922501,0.00137946
801.06430192,-0.00185364
801.29938578,-0.00175278
801.53447656,0.00001515
801.76957427,0.00385720
802.00467891,-0.00206082
802.23979046,0.00280725
802.47490893,-0.00242129
802.71003432,0.00167046
802.94516660,0.00173093
803.18030579,0.00093267
803.41545188,0.00109933
803.65060486,0.00335621
803.88576473,-0.00039355
804.12093149,-0.00010746
804.35610512,0.00203544
804.59128564,0.00056595
804.82647302,-0.00014329
805.06166727,0.00303641
805.29686839,0.00143183
805.53207636,0.00143832
805.76729119,-0.00162361
806.00251286,-0.00006734
806.23774139,0.00114034
806.47297675,-0.00033137
806.70821896,-0.00214511
806.94346799,-0.00094141
807.17872385,0.00068278
807.41398654,0.00094050
807.64925605,-0.00095726
807.88453237,0.00107775
808.11981551,-0.00040112
808.35510545,-0.00053683
808.59040219,-0.00276944
808.82570573,0.00157910
809.06101607,-0.00069244
809.29633320,0.00408435
809.53165711,0.00125028
809.76698780,0.00272373
810.00232527,-0.00125463
810.23766951,-0.00109927
810.47302051,0.00302201
810.70837828,-0.00265071
810.94374281,0.00216906
811.17911410,0.00285474
811.41449214,0.00066290
811.64987692,-0.00319169
811.88526844,0.00404552
812.12066670,-0.00347687
812.35607170,0.00182924
812.59148342,0.00014065
812.82690187,0.00079561
813.06232704,-0.00087538
813.29775892,0.00003770
813.53319752,-0.00273423
813.76864282,0.00154523
814.00409482,-0.00101858
814.23955353,-0.00083640
814.47501893,0.00018279
814.71049101,0.00291980
814.94596979,-0.00099766
815.18145524,0.00216224
815.41694737,-0.00525390
815.65244618,0.00314788
815.88795165,-0.00634977
816.12346379,0.00399531
816.35898258,-0.00217079
816.59450803,0.00108667
816.83004013,-0.00054202
817.06557888,0.00301608
817.30112427,-0.00060926
817.53667630,0.00039892
817.77223496,0.00035548
818.00780025,0.00282780
818.24337217,-0.00385763
818.47895071,-0.00013909
818.71453586,0.00183484
818.95012762,0.00034970
819.18572599,-0.00298353
819.42133097,0.00427416
819.65694254,-0.00237561
819.89256071,0.00093315
820.12818547,0.00047442
820.36381681,0.00060742
820.59945474,-0.00039363
820.83509924,0.00211983
821.07075032,-0.00287909
821.30640796,0.00165000
821.54207217,-0.00166495
821.77774294,-0.00262926
822.01342027,0.00072458
822.24910414,-0.00080992
822.48479456,0.00144023
822.72049153,0.00151603
822.95619503,0.00174460
823.19190507,0.00358460
823.42762164,0.00002383
823.66334473,0.00043314
823.89907434,0.00064055
824.13481047,-0.00126821
824.37055311,-0.00204124
824.60630226,-0.00077469
824.84205791,0.00070273
825.07782006,0.00358674
825.31358871,-0.00353955
825.54936385,0.00062125
825.78514547,0.00116138
826.02093358,0.00275417
826.25672816,0.00171032
826.49252922,0.00032922
826.72833674,-0.00075534
826.96415073,0.00237843
827.19997118,-0.00224836
827.43579809,0.00099555
827.67163144,-0.00173332
827.90747125,-0.00001668
828.14331749,0.00014593
828.37917018,0.00220420
828.61502930,-0.00140030
828.85089485,-0.00041247
829.08676683,0.00110522
829.32264522,0.00147413
829.55853004,0.00120279
829.79442126,-0.00045456
830.03031890,0.00083685
830.26622294,0.00182829
830.50213337,-0.00096326
830.73805021,0.00352511
830.97397343,0.00139775
831.20990304,0.00266233
831.44583903,-0.00183833
831.68178140,0.00383609
831.91773015,0.00110550
832.15368526,0.00441171
832.38964674,-0.00121264
832.62561458,0.00356370
832.86158877,0.00066835
833.09756932,0.00251616
833.33355621,-0.00244114
833.56954945,0.00371077
833.80554903,-0.00345591
834.04155494,-0.00175360
834.27756718,0.00011948
834.51358575,0.00189841
834.74961064,0.00196099
834.98564184,0.00145364
835.22167936,-0.00054666
835.45772319,-0.00384867
835.69377332,0.00143517
835.92982975,0.00226616
836.16589248,-0.00102548
836.40196150,0.00277411
836.63803681,-0.00027003
836.87411839,0.00293295
837.11020626,-0.00015027
837.34630040,0.00042083
837.58240081,-0.00126983
837.81850748,0.00295379
838.05462042,0.00007777
838.29073961,-0.00107884
838.52686506,0.00293586
838.76299675,0.00285003
838.99913469,0.00101619
839.23527886,-0.00166103
839.47142927,-0.00191451
839.70758591,0.00557852
839.94374878,0.00016225
840.17991787,0.00127278
840.41609318,-0.00116575
840.65227470,0.00189157
840.88846242,-0.00289980
841.12465636,0.00202465
841.36085649,-0.00520513
841.59706282,0.00109919
841.83327534,-0.00300321
842.06949405,-0.00081026
842.30571894,0.00245948
842.54195001,0.00205860
842.77818726,0.00118216
843.01443067,-0.00214144
843.25068025,-0.00068427
843.48693599,0.00082878
843.72319789,-0.00202479
843.95946594,0.00304473
844.19574014,-0.00324532
844.43202048,0.00176637
844.66830696,-0.00021356
844.90459958,0.00135698
845.14089833,-0.00426780
845.37720320,0.00385003
845.61351420,0.00034858
845.84983131,-0.00018613
846.08615454,0.00143915
846.32248388,0.00118249
846.55881932,-0.00029806
846.79516087,0.00166791
847.03150851,-0.00185051
847.26786224,0.00218383
847.50422206,-0.00177516
847.74058796,0.00271025
847.97695994,-0.00116451
848.21333800,0.00201608
848.44972212,-0.00085888
848.68611232,0.00052372
848.92250857,-0.00306012
849.15891088,0.00070378
849.39531925,-0.00113004
849.63173366,0.00272985
849.86815412,-0.00218393
850.10458061,0.00268253
850.34101314,-0.00273349
850.57745171,0.00114978
850.81389630,-0.00049850
851.05034691,0.00114196
851.28680354,-0.00281791
851.52326619,-0.00107853
851.75973484,0.00131306
851.99620950,-0.00160751
852.23269017,0.00070201
852.46917682,-0.00135067
852.70566947,-0.00507932
852.94216811,0.00228635
853.17867273,0.00111967
853.41518334,0.00429413
853.65169991,-0.00097731
853.88822246,0.00089149
854.12475097,-0.00354600
854.36128545,0.00070968
854.59782588,-0.00201709
854.83437226,-0.00148270
855.07092460,-0.00260893
855.30748288,-0.00035089
855.54404710,-0.00274796
855.78061725,0.00180780
856.01719334,-0.00060820
856.25377535,0.00173139
856.49036329,0.00118938
856.72695715,-0.00050445
856.96355692,-0.00339906
857.20016260,0.00083539
857.43677418,0.00018765
857.67339167,0.00051677
857.91001505,-0.00231713
858.14664433,0.00123160
858.38327950,-0.00195569
858.61992054,0.00236972
858.85656747,0.00209885
859.09322028,0.00039953
859.32987895,-0.00074728
859.56654349,0.00097468
859.80321390,-0.00012990
860.03989016,0.00369041
860.27657227,0.00008321
860.51326024,0.00022497
860.74995405,0.00078605
860.98665370,0.00029442
861.22335918,-0.00033041
861.46007050,0.00234977
861.69678765,-0.00200418
861.93351062,-0.00264160
862.17023941,0.00083449
862.40697401,-0.00052481
862.64371442,0.00053745
862.88046064,-0.00049879
863.11721266,-0.00193311
863.35397048,0.00341163
863.59073409,-0.00296310
863.82750349,0.00343977
864.06427868,-0.00080987
864.30105964,0.00305619
864.53784638,-0.00044324
864.77463889,0.00256645
865.01143717,-0.00245500
865.24824121,0.00084942
865.48505101,0.00018256
865.72186656,0.00325138
865.95868786,-0.00212478
866.19551491,0.00391146
866.43234770,-0.00121358
866.66918623,-0.00045614
866.90603048,0.00171095
867.14288047,0.00326609
867.37973618,-0.00056801
867.61659761,0.00175220
867.85346475,-0.00274900
868.09033760,-0.00110820
868.32721617,-0.00198407
868.56410043,0.00125429
868.80099039,0.00070869
869.03788604,0.00370312
869.27478738,-0.00148338
869.51169441,-0.00278684
869.74860712,-0.00047524
869.98552550,0.00187053
870.22244956,-0.00221303
870.45937928,0.00096201
870.69631467,0.00039757
870.93325571,0.00391103
871.17020241,0.00279411
871.40715476,-0.00079016
871.64411275,-0.00054553
871.88107639,0.00241100
872.11804566,0.00021091
872.35502056,-0.00145436
872.59200110,0.00547381
872.82898725,-0.00412873
873.06597903,0.00165054
873.30297642,-0.00081126
873.53997943,0.00105898
873.77698804,-0.00169216
874.01400225,0.00033642
874.25102206,0.00104244
874.48804746,0.00139161
874.72507846,-0.00062914
874.96211503,0.00502219
875.19915719,0.00012781
875.43620493,0.00195318
875.67325824,0.00151510
875.91031711,-0.00160123
876.14738155,-0.00382909
876.38445155,0.00382771
876.62152710,-0.00158788
876.85860820,0.00219115
877.09569485,-0.00028972
877.33278704,0.00080894
877.56988477,-0.00458748
877.80698803,0.00191879
878.04409681,0.00079382
878.28121113,0.00005859
878.51833096,-0.00148329
878.75545631,0.00500210
878.99258717,-0.00012525
879.22972354,-0.00148333
879.46686541,-0.00065090
879.70401278,0.00281387
879.94116564,-0.00145669
880.17832399,0.00020342
880.41548783,0.00147328
880.65265715,0.00127199
880.88983194,-0.00133157
881.12701221,0.00055745
881.36419794,-0.00119246
881.60138914,-0.00001824
881.83858580,0.00043845
882.07578791,0.00126692
882.31299548,-0.00081769
882.55020849,0.00147980
882.78742694,0.00102230
883.02465083,0.00051590
883.26188016,-0.00150477
883.49911491,0.00183611
883.73635509,-0.00308130
883.97360068,0.00243296
884.21085170,-0.00260900
884.44810812,0.00150273
884.68536995,-0.00020703
884.92263719,0.00153748
885.15990982,-0.00229709
885.39718785,-0.00262209
885.63447127,0.00089743
885.87176008,0.00035034
886.10905426,-0.00073374
886.34635382,0.00145999
886.58365876,0.00348111
886.82096906,0.00166200
887.05828473,-0.00154603
887.29560576,-0.00131126
887.53293214,-0.00243550
887.77026388,0.00101644
888.00760096,-0.00006681
888.24494338,-0.00014180
888.48229114,-0.00083096
888.71964423,0.00193213
888.95700266,0.00211899
889.19436641,-0.00008167
889.43173548,-0.00291591
889.66910986,-0.00279527
889.90648956,-0.00173292
890.14387457,0.00110713
890.38126488,0.00256333
890.61866049,-0.00012892
890.85606139,-0.00019229
891.09346758,0.00068918
891.33087906,-0.00274877
891.56829582,0.00272394
891.80571786,-0.00104591
892.04314517,0.00162665
892.28057775,-0.00272693
892.51801560,0.00343230
892.75545870,0.00411858
892.99290706,-0.00114307
893.23036067,-0.00130982
893.46781953,0.00016340
893.70528363,0.00045431
893.94275297,-0.00103842
894.18022755,0.00191787
894.41770735,0.00014098
894.65519238,-0.00031781
894.89268263,0.00612500
895.13017810,-0.00058164
895.36767878,0.00151582
895.60518466,-0.00387955
895.84269575,-0.00255777
896.08021204,-0.00372745
896.31773353,0.00176606
896.55526020,-0.00138020
896.79279207,0.00043987
897.03032911,0.00423071
897.26787133,0.00270427
897.50541873,0.00032827
897.74297129,0.00021256
897.98052902,-0.00072875
898.21809191,0.00226553
898.45565996,-0.00273357
898.69323316,0.00262616
898.93081150,-0.00087355
899.16839499,0.00035007
899.40598362,-0.00065070
899.64357738,0.00079437
899.88117627,-0.00022933
900.11878028,0.00039159
900.35638942,-0.00127569
900.59400368,0.00104278
900.83162305,-0.00091437
901.06924752,-0.00060761
901.30687710,0.00101574
901.54451178,-0.00053527
901.78215156,-0.00318455
902.01979642,0.00426572
902.25744638,-0.00121327
902.49510141,0.00256599
902.73276153,0.00318801
902.97042671,0.00030900
903.20809697,-0.00073402
903.44577229,-0.00028903
903.68345268,-0.00183260
903.92113812,-0.00227556
904.15882861,-0.00023420
904.39652415,0.00114789
904.63422473,0.00058500
904.87193035,-0.00014941
905.10964101,-0.00067216
905.34735669,0.00054458
905.58507740,-0.00245849
905.82280314,0.00118201
906.06053389,-0.00337983
906.29826966,0.00050185
906.53601043,-0.00018738
906.77375621,0.00191109
907.01150698,0.00143203
907.24926276,0.00206359
907.48702352,0.00033531
907.72478928,0.00118249
907.96256001,0.00232783
908.20033572,0.00025184
908.43811641,-0.00089387
908.67590207,0.00282834
908.91369269,-0.00310891
909.15148827,-0.00007994
909.38928882,-0.00412225
909.62709431,0.00172451
909.86490475,-0.00175525
910.10272013,0.00013021
910.34054046,-0.00428962
910.57836572,0.00626471
910.81619591,-0.00004688
911.05403102,0.00487861
911.29187106,-0.00014503
911.52971602,0.00193228
911.76756589,-0.00246287
912.00542067,-0.00099713
912.24328035,-0.00126838
912.48114493,0.00074571
912.71901441,-0.00129634
912.95688879,0.00208476
913.19476804,-0.00168585
913.43265219,-0.00017177
913.67054121,-0.00129610
913.90843510,-0.00074370
914.14633387,-0.00002078
914.38423750,0.00080874
914.62214599,0.00005683
914.86005934,-0.00189177
915.09797754,0.00137690
915.33590060,0.00170380
915.57382849,-0.00138054
915.81176123,0.00387656
916.04969880,0.00164673
916.28764120,0.00278653
916.52558843,0.00020384
916.76354048,0.00183537
917.00149734,0.00185586
917.23945903,-0.00039953
917.47742552,-0.00038025
917.71539682,0.00400191
917.95337291,0.00056334
918.19135381,-0.00065025
918.42933949,0.00374346
918.66732997,0.00237841
918.90532522,-0.00003918
919.14332526,0.00030813
919.38133007,-0.00123358
919.61933965,0.00577183
919.85735400,0.00129223
920.09537311,0.00307891
920.33339698,-0.00223423
920.57142560,0.00475133
920.80945897,-0.00264243
921.04749708,0.00076559
921.28553993,-0.00158759
921.52358752,0.00481629
921.76163984,-0.00305850
921.99969689,0.00122504
922.23775866,-0.00000472
922.47582515,0.00071165
922.71389636,-0.00168475
922.95197227,0.00234917
923.19005289,-0.00246176
923.42813821,0.00337601
923.66622822,-0.00243470
923.90432293,0.00062072
924.14242233,-0.00090016
924.38052641,0.00320996
924.61863517,-0.00312295
924.85674860,0.00405685
925.09486671,-0.00306671
925.33298948,-0.00043534
925.57111692,0.00306535
925.80924901,-0.00010870
926.04738575,0.00089104
926.28552715,0.00275417
926.52367319,0.00081398
926.76182387,0.00357774
926.99997919,-0.00173336
927.23813913,0.00085915
927.47630371,0.00079136
927.71447291,0.00151528
927.95264673,0.00014112
928.19082516,-0.00078819
928.42900820,0.00233410
928.66719585,0.00414031
928.90538810,0.00055755
929.14358494,-0.00083093
929.38178638,-0.00185210
929.61999241,-0.00162876
929.85820302,-0.00258896
930.09641821,0.00254339
930.33463798,-0.00299679
930.57286232,0.00553662
930.81109122,-0.00267042
931.04932469,0.00175186
931.28756272,0.00145841
931.52580529,-0.00225402
931.76405242,-0.00356773
932.00230410,0.00008678
932.24056031,0.00078733
932.47882106,-0.00144261
932.71708635,0.00060802
932.95535616,0.00058641
933.19363049,-0.00040046
933.43190935,-0.00135908
933.67019272,0.00354497
933.90848059,0.00119129
934.14677298,-0.00000510
934.38506987,0.00051477
934.62337125,0.00431493
934.86167713,-0.00186997
935.09998749,-0.00017102
935.33830235,-0.00183915
935.57662168,0.00250512
935.81494548,-0.00241177
936.05327376,0.00120406
936.29160651,0.00051510
936.52994372,0.00273291
936.76828538,0.00044255
937.00663150,0.00020375
937.24498207,0.00188997
937.48333709,0.00046347
937.72169655,-0.00199454
937.96006044,-0.00175472
938.19842877,-0.00254700
938.43680152,0.00281825
938.67517870,-0.00234855
938.91356030,0.00051584
939.15194631,0.00120278
939.39033674,0.00517053
939.62873157,0.00412744
939.86713080,0.00151631
940.10553443,-0.00360904
940.34394245,0.00404646
940.58235487,-0.00028870
940.82077167,0.00355776
941.05919284,0.00045285
941.29761840,0.00077657
941.53604833,-0.00057885
941.77448262,0.00136945
942.01292128,-0.00373394
942.25136429,0.00427514
942.48981166,0.00271011
942.72826338,0.00136954
942.96671945,-0.00081883
943.20517986,0.00110888
943.44364460,-0.00476674
943.68211368,0.00353653
943.92058709,0.00234740
944.15906482,0.00379594
944.39754687,0.00041911
944.63603323,0.00609824
944.87452391,-0.00065123
945.11301889,0.00071289
945.35151818,-0.00278757
945.59002177,0.00201530
945.82852964,0.00151470
946.06704181,0.00104572
946.30555827,-0.00166260
946.54407900,0.00278628
946.78260401,0.00082718
947.02113329,0.00273368
947.25966684,-0.00116198
947.49820466,0.00534775
947.73674673,0.00149413
947.97529306,0.00185743
948.21384364,-0.00393365
948.45239846,0.00291140
948.69095753,0.00165966
948.92952083,0.00152381
949.16808837,0.00198191
949.40666013,0.00007905
949.64523612,-0.00219260
949.88381633,0.00114826
950.12240076,-0.00162187
950.36098940,0.00230760
950.59958224,-0.00002694
950.83817929,-0.00091162
951.07678054,0.00012982
951.31538598,-0.00121143
951.55399561,0.00007740
951.79260943,0.00217041
952.03122742,-0.00207903
952.26984960,-0.00131707
952.50847594,0.00116072
952.74710646,0.00077633
952.98574114,0.00071255
953.22437998,0.00124516
953.46302297,0.00255609
953.70167011,0.00210944
953.94032140,0.00060837
954.17897684,0.00197321
954.41763641,-0.00215049
954.65630011,0.00108891
954.89496795,0.00164632
955.13363990,0.00110014
955.37231598,0.00099320
955.61099618,0.00087858
955.84968049,0.00041926
956.08836890,0.00274441
956.32706142,-0.00104751
956.56575803,0.00452243
956.80445875,0.00137817
957.04316355,0.00016267
957.28187243,0.00101481
957.52058540,0.00458741
957.75930245,-0.00145506
957.99802357,0.00207794
958.23674875,-0.00071413
958.47547801,0.00164988
958.71421132,-0.00043368
958.95294868,0.00080855
959.19169010,0.00003618
959.43043557,0.00156707
959.66918507,-0.00014074
959.90793862,0.00062151
960.14669620,-0.00187944
960.38545781,0.00079748
960.62422344,0.00146075
960.86299310,-0.00129507
961.10176677,-0.00088067
961.34054445,0.00048138
961.57932614,-0.00259820
961.81811184,0.00191095
962.05690153,-0.00013113
962.29569522,0.00131499
962.53449290,-0.00049729
962.77329457,0.00189008
963.01210022,-0.00069278
963.25090984,0.00377467
963.48972344,-0.00391207
963.72854101,0.00239160
963.96736254,-0.00246376
964.20618803,-0.00039075
964.44501748,-0.00116320
964.68385088,0.00251587
964.92268823,-0.00000669
965.16152952,-0.00057715
965.40037475,-0.00124636
965.63922391,0.00251532
965.87807700,0.00168063
966.11693402,0.00119353
966.35579496,0.00129348
966.59465982,0.00305771
966.83352858,0.00055702
967.07240126,0.00440055
967.31127784,-0.00186984
967.55015832,-0.00171209
967.78904270,0.00109682
968.02793096,0.00177726
968.26682312,-0.00053701
968.50571915,-0.00075413
968.74461907,-0.00152610
968.98352285,-0.00022402
969.22243051,-0.00039045
969.46134203,-0.00327377
969.70025741,-0.00040131
969.93917665,0.00264859
970.17809974,0.00052357
970.41702667,-0.00031627
970.65595746,-0.00100530
970.89489207,0.00179775
971.13383053,-0.00205707
971.37277281,0.00187084
971.61171892,0.00078615
971.85066885,0.00227572
972.08962260,-0.00010130
972.32858016,-0.00019216
972.56754153,0.00149301
972.80650671,-0.00126508
973.04547568,-0.00107968
973.28444845,0.00426479
973.52342501,-0.00127738
973.76240536,0.00217096
974.00138949,0.00060702
974.24037740,-0.00156681
974.47936908,-0.00125547
974.71836454,0.00265079
974.95736375,-0.00432721
975.19636673,0.00103686
975.43537347,-0.00077563
975.67438395,0.00337741
975.91339819,-0.00128771
976.15241617,0.00272514
976.39143789,-0.00198416
976.63046334,0.00298226
976.86949252,0.00010792
977.10852543,0.00105799
977.34756206,0.00013998
977.58660241,-0.00186989
977.82564647,-0.00028668
978.06469425,0.00176635
978.30374572,0.00103603
978.54280090,0.00160896
978.78185977,-0.00049579
979.02092233,0.00287039
979.25998858,-0.00246413
979.49905852,-0.00082806
979.73813213,-0.00407896
979.97720942,0.00020429
980.21629037,0.00251410
980.45537500,-0.00195185
980.69446328,-0.00037033
980.93355522,0.00191130
981.17265081,-0.00046353
981.41175005,0.00096401
981.65085294,0.00037957
981.88995946,0.00134977
982.12906962,-0.00052680
982.36818341,0.00052629
982.60730083,-0.00293247
982.84642187,-0.00092133
983.08554653,-0.00231737
983.32467480,0.00110926
983.56380668,0.00019079
983.80294216,0.00176586
984.04208125,0.00151432
984.28122393,-0.00032702
984.52037021,0.00046111
984.75952007,-0.00171146
984.99867351,-0.00010996
985.23783054,0.00194146
985.47699114,-0.00212060
985.71615530,0.00180746
985.95532304,0.00057732
986.19449434,0.00271352
986.43366919,-0.00447503
986.67284760,0.00022396
986.91202955,-0.00246335
987.15121505,0.00323493
987.39040409,-0.00047522
987.62959666,0.00341154
987.86879277,-0.00196402
988.10799240,0.00277598
988.34719556,0.00137935
988.58640223,-0.00173367
988.82561242,-0.00161033
989.06482612,-0.00113951
989.30404332,-0.00257981
989.54326403,0.00074543
989.78248823,-0.00019386
990.02171592,-0.00359826
990.26094710,-0.00405666
990.50018176,0.00293182
990.73941991,-0.00127700
990.97866153,-0.00016160
991.21790661,0.00004499
991.45715517,0.00089153
991.69640719,-0.00115060
991.93566266,0.00027649
992.17492159,0.00083885
992.41418397,0.00324464
992.65344979,-0.00017233
992.89271905,0.00136185
993.13199175,0.00195375
993.37126788,-0.00173495
993.61054743,0.00092312
993.84983041,-0.00201699
994.08911681,0.00286982
994.32840663,-0.00219274
994.56769985,0.00000509
994.80699648,-0.00095466
995.04629651,-0.00012956
995.28559993,0.00061844
995.52490675,0.00146308
995.76421696,-0.00241136
996.00353055,0.00351540
996.24284752,-0.00148513
996.48216787,0.00290082
996.72149158,0.00029514
996.96081867,0.00182891
997.20014911,0.00120214
997.43948292,0.00087995
997.67882008,-0.00122459
997.91816058,0.00114060
998.15750443,-0.00290182
998.39685163,0.00217326
998.63620216,-0.00032846
998.87555602,0.00278623
999.11491321,-0.00269331
999.35427372,0.00019392
999.59363755,0.00100356
999.83300469,0.00016113
1000.07237515,0.00078554
1000.31174891,0.00290060
1000.55112597,0.00385695
1000.79050633,0.00059945
1001.02988999,-0.00296403
1001.26927693,0.00027527
1001.50866716,-0.00020501
1001.74806066,0.00068273
1001.98745745,0.00099287
1002.22685750,0.00173499
1002.46626082,-0.00280735
1002.70566740,0.00264115
1002.94507724,-0.00148522
1003.18449034,0.00081882
1003.42390668,0.00056665
1003.66332627,0.00141179
1003.90274910,-0.00052652
1004.14217517,0.00010927
1004.38160447,-0.00041080
1004.62103700,-0.00079533
1004.86047275,-0.00075677
1005.09991172,0.00275448
1005.33935391,-0.00082940
1005.57879931,0.00245321
1005.81824791,-0.00096499
1006.05769971,0.00079746
1006.29715472,-0.00407943
1006.53661291,0.00124597
1006.77607430,-0.00369231
1007.01553887,0.00344176
1007.25500662,-0.00093127
1007.49447754,0.00528647
1007.73395164,-0.00140124
1007.97342891,0.00333755
1008.21290933,0.00043980
1008.45239292,0.00345375
1008.69187966,0.00295137
1008.93136955,0.00158856
1009.17086259,0.00088026
1009.41035877,-0.00058761
1009.64985808,-0.00210881
1009.88936053,0.00133973
1010.12886610,0.00073225
1010.36837480,-0.00104583
1010.60788662,-0.00109032
1010.84740156,0.00262842
1011.08691960,-0.00197450
1011.32644075,0.00241097
1011.56596501,0.00089032
1011.80549236,-0.00047245
1012.04502281,-0.00112025
1012.28455634,0.00230617
1012.52409296,-0.00046441
1012.76363267,-0.00024538
1013.00317544,-0.00112054
1013.24272129,0.00151531
1013.48227021,-0.00015245
1013.72182219,0.00213020
1013.96137723,-0.00076493
1014.20093532,0.00278716
1014.44049647,-0.00033910
1014.68006066,0.00097765
1014.91962789,-0.00143991
1015.15919816,0.00108183
1015.39877146,0.00176801
1015.63834780,0.00101934
1015.87792715,-0.00166880
